Date,Open,Adj Close
2000-01-03,58.18769836425781,52.36384963989258
2000-01-04,58.18769836425781,52.36384963989258
2000-01-05,58.18769836425781,52.36384963989258
2000-01-06,57.20146560668945,51.47632598876953
2000-01-07,57.20146560668945,51.47632598876953
2000-01-10,62.13262939453125,55.913944244384766
2000-01-11,62.13262939453125,55.913944244384766
2000-01-12,62.13262939453125,55.913944244384766
2000-01-13,62.13262939453125,55.913944244384766
2000-01-14,62.13262939453125,55.913944244384766
2000-01-17,62.13262939453125,55.913944244384766
2000-01-18,62.13262939453125,55.913944244384766
2000-01-19,62.13262939453125,55.913944244384766
2000-01-20,62.13262939453125,55.913944244384766
2000-01-21,62.13262939453125,55.913944244384766
2000-01-24,62.13262939453125,55.913944244384766
2000-01-25,62.13262939453125,55.913944244384766
2000-01-26,62.13262939453125,55.913944244384766
2000-01-27,62.13262939453125,55.913944244384766
2000-01-28,62.13262939453125,55.913944244384766
2000-01-31,62.13262939453125,55.913944244384766
2000-02-01,58.18769836425781,54.13889694213867
2000-02-02,60.16016387939453,54.13889694213867
2000-02-03,58.18769836425781,52.36384963989258
2000-02-04,54.24277114868164,49.7012825012207
2000-02-07,55.22900390625,49.7012825012207
2000-02-08,58.18769836425781,48.81375503540039
2000-02-09,52.27030563354492,47.03871154785156
2000-02-10,52.27030563354492,47.03871154785156
2000-02-11,50.2978401184082,45.26366424560547
2000-02-14,48.32537841796875,43.488624572753906
2000-02-15,47.33914566040039,42.601097106933594
2000-02-16,46.35291290283203,40.826053619384766
2000-02-17,45.36668014526367,40.826053619384766
2000-02-18,49.311607360839844,44.37614059448242
2000-02-21,49.311607360839844,44.37614059448242
2000-02-22,49.311607360839844,44.37614059448242
2000-02-23,49.311607360839844,44.37614059448242
2000-02-24,49.311607360839844,44.37614059448242
2000-02-25,49.311607360839844,44.37614059448242
2000-02-28,46.35291290283203,41.71357727050781
2000-02-29,46.35291290283203,41.71357727050781
2000-03-01,46.35291290283203,41.71357727050781
2000-03-02,46.35291290283203,41.71357727050781
2000-03-03,46.35291290283203,41.71357727050781
2000-03-06,46.35291290283203,41.71357727050781
2000-03-07,46.35291290283203,41.71357727050781
2000-03-08,46.35291290283203,41.71357727050781
2000-03-09,46.35291290283203,41.71357727050781
2000-03-10,46.35291290283203,41.71357727050781
2000-03-13,46.35291290283203,41.71357727050781
2000-03-14,44.38044738769531,39.93852996826172
2000-03-15,45.36668014526367,40.826053619384766
2000-03-16,45.36668014526367,40.826053619384766
2000-03-17,45.36668014526367,40.826053619384766
2000-03-20,42.40798568725586,38.163482666015625
2000-03-21,46.35291290283203,41.71357727050781
2000-03-22,46.35291290283203,41.71357727050781
2000-03-23,47.33914566040039,40.826053619384766
2000-03-24,45.36668014526367,40.826053619384766
2000-03-27,45.36668014526367,40.826053619384766
2000-03-28,45.36668014526367,40.826053619384766
2000-03-29,48.32537841796875,47.92623519897461
2000-03-30,53.25653839111328,47.92623519897461
2000-03-31,53.25653839111328,47.92623519897461
2000-04-03,53.25653839111328,47.92623519897461
2000-04-04,48.32537841796875,43.488624572753906
2000-04-05,48.32537841796875,43.488624572753906
2000-04-06,49.311607360839844,44.37614059448242
2000-04-07,51.28407287597656,45.26366424560547
2000-04-10,49.311607360839844,46.151187896728516
2000-04-11,51.28407287597656,46.151187896728516
2000-04-12,51.28407287597656,46.151187896728516
2000-04-13,51.28407287597656,46.151187896728516
2000-04-14,50.2978401184082,47.03871154785156
2000-04-17,52.27030563354492,47.03871154785156
2000-04-18,52.27030563354492,47.92623519897461
2000-04-19,53.25653839111328,47.92623519897461
2000-04-20,51.28407287597656,46.151187896728516
2000-04-21,51.28407287597656,46.151187896728516
2000-04-24,48.32537841796875,45.26366424560547
2000-04-25,50.2978401184082,47.03871154785156
2000-04-26,52.27030563354492,47.03871154785156
2000-04-27,52.27030563354492,50.588802337646484
2000-04-28,57.20146560668945,54.13889694213867
2000-05-01,60.16016387939453,54.13889694213867
2000-05-02,60.16016387939453,54.13889694213867
2000-05-03,60.16016387939453,54.13889694213867
2000-05-04,59.17393112182617,53.251373291015625
2000-05-05,59.17393112182617,53.251373291015625
2000-05-08,60.16016387939453,54.13889694213867
2000-05-09,57.20146560668945,51.47632598876953
2000-05-10,57.20146560668945,51.47632598876953
2000-05-11,57.20146560668945,51.47632598876953
2000-05-12,57.20146560668945,51.47632598876953
2000-05-15,57.20146560668945,51.47632598876953
2000-05-16,57.20146560668945,51.47632598876953
2000-05-17,57.20146560668945,51.47632598876953
2000-05-18,57.20146560668945,51.47632598876953
2000-05-19,57.20146560668945,51.47632598876953
2000-05-22,57.20146560668945,51.47632598876953
2000-05-23,57.20146560668945,51.47632598876953
2000-05-24,57.20146560668945,51.47632598876953
2000-05-25,53.25653839111328,47.92623519897461
2000-05-26,53.25653839111328,47.92623519897461
2000-05-29,53.25653839111328,47.92623519897461
2000-05-30,53.25653839111328,47.92623519897461
2000-05-31,53.25653839111328,47.92623519897461
2000-06-01,53.25653839111328,47.92623519897461
2000-06-02,53.25653839111328,47.92623519897461
2000-06-05,53.25653839111328,47.92623519897461
2000-06-06,53.25653839111328,47.92623519897461
2000-06-07,53.25653839111328,47.92623519897461
2000-06-08,53.25653839111328,47.92623519897461
2000-06-09,53.25653839111328,47.92623519897461
2000-06-12,53.25653839111328,47.92623519897461
2000-06-13,55.22900390625,49.7012825012207
2000-06-14,55.22900390625,49.7012825012207
2000-06-15,56.21523666381836,53.251373291015625
2000-06-16,59.17393112182617,53.251373291015625
2000-06-19,59.17393112182617,53.251373291015625
2000-06-20,59.17393112182617,53.251373291015625
2000-06-21,59.17393112182617,54.13889694213867
2000-06-22,60.16016387939453,54.13889694213867
2000-06-23,60.16016387939453,54.13889694213867
2000-06-26,60.16016387939453,54.13889694213867
2000-06-27,63.118858337402344,53.251373291015625
2000-06-28,63.118858337402344,56.80146026611328
2000-06-29,63.118858337402344,56.80146026611328
2000-06-30,63.118858337402344,56.80146026611328
2000-07-03,63.118858337402344,56.80146026611328
2000-07-04,62.13262939453125,55.913944244384766
2000-07-05,64.10509490966797,52.36384963989258
2000-07-06,58.18769836425781,52.36384963989258
2000-07-07,63.118858337402344,55.913944244384766
2000-07-10,63.118858337402344,56.80146026611328
2000-07-11,63.118858337402344,56.80146026611328
2000-07-12,63.118858337402344,56.80146026611328
2000-07-13,63.118858337402344,56.80146026611328
2000-07-14,63.118858337402344,56.80146026611328
2000-07-17,63.118858337402344,56.80146026611328
2000-07-18,63.118858337402344,56.80146026611328
2000-07-19,63.118858337402344,56.80146026611328
2000-07-20,63.118858337402344,56.80146026611328
2000-07-21,64.10509490966797,57.688987731933594
2000-07-24,64.10509490966797,57.688987731933594
2000-07-25,63.118858337402344,56.80146026611328
2000-07-26,63.118858337402344,53.251373291015625
2000-07-27,59.17393112182617,53.251373291015625
2000-07-28,59.17393112182617,53.251373291015625
2000-07-31,63.118858337402344,56.80146026611328
2000-08-01,63.118858337402344,56.80146026611328
2000-08-02,63.118858337402344,56.80146026611328
2000-08-03,63.118858337402344,56.80146026611328
2000-08-04,63.118858337402344,56.80146026611328
2000-08-07,62.13262939453125,53.251373291015625
2000-08-08,59.17393112182617,53.251373291015625
2000-08-09,59.17393112182617,53.251373291015625
2000-08-10,59.17393112182617,53.251373291015625
2000-08-11,59.17393112182617,53.251373291015625
2000-08-14,59.17393112182617,53.251373291015625
2000-08-15,59.17393112182617,53.251373291015625
2000-08-16,59.17393112182617,53.251373291015625
2000-08-17,59.17393112182617,53.251373291015625
2000-08-18,59.17393112182617,53.251373291015625
2000-08-21,59.17393112182617,53.251373291015625
2000-08-22,59.17393112182617,53.251373291015625
2000-08-23,59.17393112182617,53.251373291015625
2000-08-24,59.17393112182617,53.251373291015625
2000-08-25,59.17393112182617,53.251373291015625
2000-08-28,59.17393112182617,53.251373291015625
2000-08-29,59.17393112182617,53.251373291015625
2000-08-30,59.17393112182617,53.251373291015625
2000-08-31,59.17393112182617,53.251373291015625
2000-09-01,59.17393112182617,53.251373291015625
2000-09-04,56.21523666381836,50.588802337646484
2000-09-05,57.20146560668945,51.47632598876953
2000-09-06,58.18769836425781,53.251373291015625
2000-09-07,59.17393112182617,53.251373291015625
2000-09-08,59.17393112182617,53.251373291015625
2000-09-11,53.25653839111328,47.03871154785156
2000-09-12,52.27030563354492,47.03871154785156
2000-09-13,52.27030563354492,47.03871154785156
2000-09-14,52.27030563354492,47.03871154785156
2000-09-15,52.27030563354492,47.03871154785156
2000-09-18,52.27030563354492,47.03871154785156
2000-09-19,54.24277114868164,48.81375503540039
2000-09-20,54.24277114868164,48.81375503540039
2000-09-21,54.24277114868164,48.81375503540039
2000-09-22,54.24277114868164,48.81375503540039
2000-09-25,54.24277114868164,48.81375503540039
2000-09-26,54.24277114868164,48.81375503540039
2000-09-27,54.24277114868164,48.81375503540039
2000-09-28,54.24277114868164,48.81375503540039
2000-09-29,54.24277114868164,48.81375503540039
2000-10-02,54.24277114868164,44.37614059448242
2000-10-03,49.311607360839844,44.37614059448242
2000-10-04,49.311607360839844,44.37614059448242
2000-10-05,49.311607360839844,44.37614059448242
2000-10-06,49.311607360839844,44.37614059448242
2000-10-09,49.311607360839844,44.37614059448242
2000-10-10,54.24277114868164,48.81375503540039
2000-10-11,54.24277114868164,48.81375503540039
2000-10-12,54.24277114868164,48.81375503540039
2000-10-13,54.24277114868164,48.81375503540039
2000-10-16,54.24277114868164,48.81375503540039
2000-10-17,54.24277114868164,48.81375503540039
2000-10-18,54.24277114868164,48.81375503540039
2000-10-19,54.24277114868164,48.81375503540039
2000-10-20,54.24277114868164,48.81375503540039
2000-10-23,54.24277114868164,48.81375503540039
2000-10-24,54.24277114868164,48.81375503540039
2000-10-25,54.24277114868164,48.81375503540039
2000-10-26,54.24277114868164,48.81375503540039
2000-10-27,54.24277114868164,48.81375503540039
2000-10-30,54.24277114868164,48.81375503540039
2000-10-31,49.311607360839844,44.37614059448242
2000-11-01,49.311607360839844,44.37614059448242
2000-11-02,49.311607360839844,44.37614059448242
2000-11-03,49.311607360839844,44.37614059448242
2000-11-06,49.311607360839844,44.37614059448242
2000-11-07,53.25653839111328,47.92623519897461
2000-11-08,53.25653839111328,47.92623519897461
2000-11-09,53.25653839111328,46.151187896728516
2000-11-10,51.28407287597656,46.151187896728516
2000-11-13,51.28407287597656,46.151187896728516
2000-11-14,51.28407287597656,46.151187896728516
2000-11-15,51.28407287597656,46.151187896728516
2000-11-16,51.28407287597656,46.151187896728516
2000-11-17,51.28407287597656,46.151187896728516
2000-11-20,49.311607360839844,44.37614059448242
2000-11-21,53.25653839111328,44.37614059448242
2000-11-22,52.27030563354492,47.03871154785156
2000-11-23,54.24277114868164,48.81375503540039
2000-11-24,54.24277114868164,48.81375503540039
2000-11-27,54.24277114868164,48.81375503540039
2000-11-28,54.24277114868164,48.81375503540039
2000-11-29,54.24277114868164,48.81375503540039
2000-11-30,54.24277114868164,48.81375503540039
2000-12-01,54.24277114868164,48.81375503540039
2000-12-04,54.24277114868164,48.81375503540039
2000-12-05,54.24277114868164,48.81375503540039
2000-12-06,54.24277114868164,48.81375503540039
2000-12-07,54.24277114868164,48.81375503540039
2000-12-08,54.24277114868164,48.81375503540039
2000-12-11,54.24277114868164,48.81375503540039
2000-12-12,54.24277114868164,48.81375503540039
2000-12-13,54.24277114868164,47.92623519897461
2000-12-14,53.25653839111328,47.92623519897461
2000-12-15,56.21523666381836,50.588802337646484
2000-12-18,58.18769836425781,48.81375503540039
2000-12-19,58.18769836425781,52.36384963989258
2000-12-20,58.18769836425781,52.36384963989258
2000-12-21,59.17393112182617,55.913944244384766
2000-12-22,62.13262939453125,55.02641677856445
2000-12-25,61.14639663696289,55.02641677856445
2000-12-26,56.21523666381836,50.588802337646484
2000-12-27,56.21523666381836,50.588802337646484
2000-12-28,56.21523666381836,50.588802337646484
2000-12-29,56.21523666381836,50.588802337646484
2001-01-01,56.21523666381836,50.588802337646484
2001-01-02,56.21523666381836,50.588802337646484
2001-01-03,59.17393112182617,57.688987731933594
2001-01-04,64.10509490966797,57.688987731933594
2001-01-05,64.10509490966797,57.688987731933594
2001-01-08,64.10509490966797,60.35155487060547
2001-01-09,69.0362548828125,63.014122009277344
2001-01-10,71.00872039794922,64.7891616821289
2001-01-11,69.0362548828125,64.7891616821289
2001-01-12,71.99494934082031,64.7891616821289
2001-01-15,72.9811782836914,65.67668914794922
2001-01-16,69.0362548828125,67.45173645019531
2001-01-17,71.00872039794922,67.45173645019531
2001-01-18,74.95364379882812,67.45173645019531
2001-01-19,74.95364379882812,67.45173645019531
2001-01-22,74.95364379882812,67.45173645019531
2001-01-23,71.00872039794922,63.90165328979492
2001-01-24,71.00872039794922,62.1265983581543
2001-01-25,69.0362548828125,62.1265983581543
2001-01-26,69.0362548828125,59.46403884887695
2001-01-29,69.0362548828125,62.1265983581543
2001-01-30,69.0362548828125,62.1265983581543
2001-01-31,68.05001831054688,60.35155487060547
2001-02-01,69.0362548828125,60.35155487060547
2001-02-02,66.07756042480469,59.46403884887695
2001-02-05,63.118858337402344,59.46403884887695
2001-02-06,66.07756042480469,57.688987731933594
2001-02-07,64.10509490966797,57.688987731933594
2001-02-08,68.05001831054688,57.688987731933594
2001-02-09,63.118858337402344,56.80146026611328
2001-02-12,63.118858337402344,56.80146026611328
2001-02-13,65.09132385253906,58.576507568359375
2001-02-14,65.09132385253906,57.688987731933594
2001-02-15,65.09132385253906,60.35155487060547
2001-02-16,64.10509490966797,62.1265983581543
2001-02-19,71.00872039794922,63.90165328979492
2001-02-20,71.00872039794922,63.90165328979492
2001-02-21,68.05001831054688,63.014122009277344
2001-02-22,67.06378936767578,63.014122009277344
2001-02-23,67.06378936767578,63.014122009277344
2001-02-26,70.0224838256836,63.014122009277344
2001-02-27,70.0224838256836,63.014122009277344
2001-02-28,71.00872039794922,64.7891616821289
2001-03-01,71.99494934082031,66.56421661376953
2001-03-02,72.9811782836914,67.45173645019531
2001-03-05,78.89857482910156,71.0018310546875
2001-03-06,78.89857482910156,71.88935089111328
2001-03-07,79.88481140136719,71.88935089111328
2001-03-08,80.87104034423828,73.66439819335938
2001-03-09,80.87104034423828,74.55192565917969
2001-03-12,82.843505859375,74.55192565917969
2001-03-13,78.89857482910156,74.55192565917969
2001-03-14,78.89857482910156,74.55192565917969
2001-03-15,75.93988037109375,70.11430358886719
2001-03-16,73.96741485595703,68.3392562866211
2001-03-19,71.99494934082031,65.67668914794922
2001-03-20,72.9811782836914,65.67668914794922
2001-03-21,72.9811782836914,65.67668914794922
2001-03-22,69.0362548828125,62.1265983581543
2001-03-23,69.0362548828125,64.7891616821289
2001-03-26,73.96741485595703,66.56421661376953
2001-03-27,74.95364379882812,69.2267837524414
2001-03-28,76.92610931396484,69.2267837524414
2001-03-29,73.96741485595703,69.2267837524414
2001-03-30,72.9811782836914,69.2267837524414
2001-04-02,72.9811782836914,69.2267837524414
2001-04-03,76.92610931396484,69.2267837524414
2001-04-04,73.96741485595703,69.2267837524414
2001-04-05,76.92610931396484,69.2267837524414
2001-04-06,76.92610931396484,69.2267837524414
2001-04-09,76.92610931396484,69.2267837524414
2001-04-10,79.88481140136719,71.0018310546875
2001-04-11,74.95364379882812,69.2267837524414
2001-04-12,75.93988037109375,68.3392562866211
2001-04-13,75.93988037109375,68.3392562866211
2001-04-16,75.93988037109375,68.3392562866211
2001-04-17,71.99494934082031,64.7891616821289
2001-04-18,68.05001831054688,62.1265983581543
2001-04-19,69.0362548828125,62.1265983581543
2001-04-20,69.0362548828125,62.1265983581543
2001-04-23,70.0224838256836,63.90165328979492
2001-04-24,68.05001831054688,63.90165328979492
2001-04-25,66.07756042480469,60.35155487060547
2001-04-26,68.05001831054688,62.1265983581543
2001-04-27,72.9811782836914,62.1265983581543
2001-04-30,71.00872039794922,63.90165328979492
2001-05-01,71.00872039794922,63.90165328979492
2001-05-02,71.00872039794922,63.90165328979492
2001-05-03,71.00872039794922,63.90165328979492
2001-05-04,71.00872039794922,63.90165328979492
2001-05-07,71.00872039794922,63.90165328979492
2001-05-08,71.00872039794922,63.90165328979492
2001-05-09,71.00872039794922,63.90165328979492
2001-05-10,71.00872039794922,63.90165328979492
2001-05-11,68.05001831054688,63.90165328979492
2001-05-14,71.00872039794922,63.90165328979492
2001-05-15,69.0362548828125,62.1265983581543
2001-05-16,69.0362548828125,62.1265983581543
2001-05-17,69.0362548828125,62.1265983581543
2001-05-18,69.0362548828125,62.1265983581543
2001-05-21,69.0362548828125,62.1265983581543
2001-05-22,69.0362548828125,62.1265983581543
2001-05-23,69.0362548828125,62.1265983581543
2001-05-24,69.0362548828125,62.1265983581543
2001-05-25,69.0362548828125,62.1265983581543
2001-05-28,69.0362548828125,62.1265983581543
2001-05-29,69.0362548828125,62.1265983581543
2001-05-30,69.0362548828125,62.1265983581543
2001-05-31,59.17393112182617,53.251373291015625
2001-06-01,62.13262939453125,55.913944244384766
2001-06-04,62.13262939453125,55.913944244384766
2001-06-05,62.13262939453125,55.913944244384766
2001-06-06,62.13262939453125,55.913944244384766
2001-06-07,62.13262939453125,55.913944244384766
2001-06-08,59.17393112182617,53.251373291015625
2001-06-11,59.17393112182617,53.251373291015625
2001-06-12,59.17393112182617,53.251373291015625
2001-06-13,54.24277114868164,53.251373291015625
2001-06-14,59.17393112182617,53.251373291015625
2001-06-15,61.14639663696289,55.02641677856445
2001-06-18,58.18769836425781,52.36384963989258
2001-06-19,58.18769836425781,52.36384963989258
2001-06-20,55.22900390625,52.36384963989258
2001-06-21,55.22900390625,51.47632598876953
2001-06-22,60.16016387939453,49.7012825012207
2001-06-25,52.27030563354492,45.26366424560547
2001-06-26,55.22900390625,49.7012825012207
2001-06-27,55.22900390625,49.7012825012207
2001-06-28,57.20146560668945,50.588802337646484
2001-06-29,56.21523666381836,50.588802337646484
2001-07-02,52.27030563354492,48.81375503540039
2001-07-03,54.24277114868164,48.81375503540039
2001-07-04,54.24277114868164,48.81375503540039
2001-07-05,54.24277114868164,48.81375503540039
2001-07-06,53.25653839111328,51.47632598876953
2001-07-09,57.20146560668945,51.47632598876953
2001-07-10,54.24277114868164,48.81375503540039
2001-07-11,54.24277114868164,48.81375503540039
2001-07-12,54.24277114868164,48.81375503540039
2001-07-13,51.28407287597656,47.03871154785156
2001-07-16,49.311607360839844,45.26366424560547
2001-07-17,51.28407287597656,46.151187896728516
2001-07-18,51.28407287597656,46.151187896728516
2001-07-19,48.32537841796875,39.93852996826172
2001-07-20,41.4217529296875,37.275962829589844
2001-07-23,43.39421463012695,39.051002502441406
2001-07-24,43.39421463012695,39.051002502441406
2001-07-25,45.36668014526367,40.826053619384766
2001-07-26,45.36668014526367,40.826053619384766
2001-07-27,45.36668014526367,40.826053619384766
2001-07-30,45.36668014526367,40.826053619384766
2001-07-31,44.38044738769531,40.826053619384766
2001-08-01,45.36668014526367,43.488624572753906
2001-08-02,49.311607360839844,44.37614059448242
2001-08-03,46.35291290283203,41.71357727050781
2001-08-06,48.32537841796875,43.488624572753906
2001-08-07,48.32537841796875,43.488624572753906
2001-08-08,50.2978401184082,46.151187896728516
2001-08-09,51.28407287597656,46.151187896728516
2001-08-10,49.311607360839844,46.151187896728516
2001-08-13,51.28407287597656,46.151187896728516
2001-08-14,51.28407287597656,46.151187896728516
2001-08-15,48.32537841796875,43.488624572753906
2001-08-16,48.32537841796875,43.488624572753906
2001-08-17,48.32537841796875,43.488624572753906
2001-08-20,48.32537841796875,43.488624572753906
2001-08-21,48.32537841796875,43.488624572753906
2001-08-22,45.36668014526367,43.488624572753906
2001-08-23,48.32537841796875,43.488624572753906
2001-08-24,45.36668014526367,40.826053619384766
2001-08-27,45.36668014526367,40.826053619384766
2001-08-28,45.36668014526367,40.826053619384766
2001-08-29,45.36668014526367,40.826053619384766
2001-08-30,45.36668014526367,40.826053619384766
2001-08-31,45.36668014526367,40.826053619384766
2001-09-03,45.36668014526367,40.826053619384766
2001-09-04,39.44928741455078,40.826053619384766
2001-09-05,39.44928741455078,35.50091552734375
2001-09-06,42.40798568725586,38.163482666015625
2001-09-07,42.40798568725586,38.163482666015625
2001-09-10,42.40798568725586,38.163482666015625
2001-09-11,42.40798568725586,38.163482666015625
2001-09-12,34.51812744140625,30.175777435302734
2001-09-13,33.53189468383789,30.175777435302734
2001-09-14,33.53189468383789,30.175777435302734
2001-09-17,29.586965560913086,27.513208389282227
2001-09-18,31.559429168701172,28.40073013305664
2001-09-19,31.559429168701172,28.40073013305664
2001-09-20,31.559429168701172,28.40073013305664
2001-09-21,31.559429168701172,28.40073013305664
2001-09-24,31.559429168701172,28.40073013305664
2001-09-25,31.559429168701172,28.40073013305664
2001-09-26,31.559429168701172,28.40073013305664
2001-09-27,31.559429168701172,28.40073013305664
2001-09-28,31.559429168701172,28.40073013305664
2001-10-01,31.559429168701172,28.40073013305664
2001-10-02,34.51812744140625,29.288253784179688
2001-10-03,32.54566192626953,29.288253784179688
2001-10-04,29.586965560913086,28.40073013305664
2001-10-05,31.559429168701172,28.40073013305664
2001-10-08,31.559429168701172,28.40073013305664
2001-10-09,31.559429168701172,28.40073013305664
2001-10-10,30.573198318481445,27.513208389282227
2001-10-11,30.573198318481445,27.513208389282227
2001-10-12,30.573198318481445,27.513208389282227
2001-10-15,30.573198318481445,27.513208389282227
2001-10-16,27.614501953125,26.625686645507812
2001-10-17,28.600732803344727,25.738162994384766
2001-10-18,28.600732803344727,25.738162994384766
2001-10-19,28.600732803344727,25.738162994384766
2001-10-22,28.600732803344727,25.738162994384766
2001-10-23,30.573198318481445,27.513208389282227
2001-10-24,30.573198318481445,27.513208389282227
2001-10-25,30.573198318481445,27.513208389282227
2001-10-26,30.573198318481445,27.513208389282227
2001-10-29,30.573198318481445,27.513208389282227
2001-10-30,27.614501953125,24.85064125061035
2001-10-31,44.38044738769531,26.625686645507812
2001-11-01,29.586965560913086,26.625686645507812
2001-11-02,29.586965560913086,26.625686645507812
2001-11-05,29.586965560913086,26.625686645507812
2001-11-06,29.586965560913086,26.625686645507812
2001-11-07,29.586965560913086,26.625686645507812
2001-11-08,29.586965560913086,26.625686645507812
2001-11-09,29.586965560913086,26.625686645507812
2001-11-12,29.586965560913086,26.625686645507812
2001-11-13,31.559429168701172,28.40073013305664
2001-11-14,31.559429168701172,28.40073013305664
2001-11-15,31.559429168701172,28.40073013305664
2001-11-16,31.559429168701172,28.40073013305664
2001-11-19,31.559429168701172,29.288253784179688
2001-11-20,32.54566192626953,31.06329917907715
2001-11-21,36.4905891418457,33.725868225097656
2001-11-22,39.44928741455078,35.50091552734375
2001-11-23,39.44928741455078,35.50091552734375
2001-11-26,39.44928741455078,35.50091552734375
2001-11-27,39.44928741455078,35.50091552734375
2001-11-28,38.46305465698242,37.275962829589844
2001-11-29,41.4217529296875,37.275962829589844
2001-11-30,39.44928741455078,37.275962829589844
2001-12-03,39.44928741455078,35.50091552734375
2001-12-04,39.44928741455078,35.50091552734375
2001-12-05,39.44928741455078,35.50091552734375
2001-12-06,37.47682189941406,35.50091552734375
2001-12-07,39.44928741455078,35.50091552734375
2001-12-10,39.44928741455078,35.50091552734375
2001-12-11,39.44928741455078,35.50091552734375
2001-12-12,39.44928741455078,35.50091552734375
2001-12-13,39.44928741455078,35.50091552734375
2001-12-14,39.44928741455078,35.50091552734375
2001-12-17,37.47682189941406,33.725868225097656
2001-12-18,38.46305465698242,33.725868225097656
2001-12-19,36.4905891418457,31.06329917907715
2001-12-20,35.50436019897461,31.95082664489746
2001-12-21,33.53189468383789,34.6133918762207
2001-12-24,38.46305465698242,34.6133918762207
2001-12-25,38.46305465698242,34.6133918762207
2001-12-26,38.46305465698242,35.50091552734375
2001-12-27,39.44928741455078,34.6133918762207
2001-12-28,38.46305465698242,34.6133918762207
2001-12-31,38.46305465698242,34.6133918762207
2002-01-01,38.46305465698242,34.6133918762207
2002-01-02,38.46305465698242,34.6133918762207
2002-01-03,38.46305465698242,35.50091552734375
2002-01-04,38.46305465698242,35.50091552734375
2002-01-07,39.44928741455078,35.50091552734375
2002-01-08,38.46305465698242,36.38843536376953
2002-01-09,39.44928741455078,36.38843536376953
2002-01-10,40.43552017211914,36.38843536376953
2002-01-11,40.43552017211914,36.38843536376953
2002-01-14,40.43552017211914,36.38843536376953
2002-01-15,40.43552017211914,36.38843536376953
2002-01-16,40.43552017211914,36.38843536376953
2002-01-17,40.43552017211914,36.38843536376953
2002-01-18,38.46305465698242,36.38843536376953
2002-01-21,40.43552017211914,36.38843536376953
2002-01-22,40.43552017211914,36.38843536376953
2002-01-23,40.43552017211914,36.38843536376953
2002-01-24,40.43552017211914,36.38843536376953
2002-01-25,40.43552017211914,36.38843536376953
2002-01-28,40.43552017211914,36.38843536376953
2002-01-29,40.43552017211914,36.38843536376953
2002-01-30,40.43552017211914,36.38843536376953
2002-01-31,41.4217529296875,37.275962829589844
2002-02-01,38.46305465698242,36.38843536376953
2002-02-04,38.46305465698242,34.6133918762207
2002-02-05,38.46305465698242,34.6133918762207
2002-02-06,38.46305465698242,34.6133918762207
2002-02-07,38.46305465698242,34.6133918762207
2002-02-08,38.46305465698242,34.6133918762207
2002-02-11,38.46305465698242,34.6133918762207
2002-02-12,38.46305465698242,34.6133918762207
2002-02-13,38.46305465698242,34.6133918762207
2002-02-14,38.46305465698242,34.6133918762207
2002-02-15,38.46305465698242,34.6133918762207
2002-02-18,38.46305465698242,34.6133918762207
2002-02-19,38.46305465698242,34.6133918762207
2002-02-20,38.46305465698242,34.6133918762207
2002-02-21,30.573198318481445,34.6133918762207
2002-02-22,38.46305465698242,34.6133918762207
2002-02-25,38.46305465698242,34.6133918762207
2002-02-26,38.46305465698242,34.6133918762207
2002-02-27,38.46305465698242,34.6133918762207
2002-02-28,38.46305465698242,34.6133918762207
2002-03-01,38.46305465698242,34.6133918762207
2002-03-04,38.46305465698242,34.6133918762207
2002-03-05,38.46305465698242,34.6133918762207
2002-03-06,38.46305465698242,34.6133918762207
2002-03-07,38.46305465698242,34.6133918762207
2002-03-08,38.46305465698242,34.6133918762207
2002-03-11,38.46305465698242,34.6133918762207
2002-03-12,38.46305465698242,34.6133918762207
2002-03-13,38.46305465698242,34.6133918762207
2002-03-14,38.46305465698242,34.6133918762207
2002-03-15,38.46305465698242,34.6133918762207
2002-03-18,38.46305465698242,34.6133918762207
2002-03-19,38.46305465698242,34.6133918762207
2002-03-20,38.46305465698242,34.6133918762207
2002-03-21,38.46305465698242,34.6133918762207
2002-03-22,38.46305465698242,34.6133918762207
2002-03-25,38.46305465698242,34.6133918762207
2002-03-26,38.46305465698242,34.6133918762207
2002-03-27,38.46305465698242,34.6133918762207
2002-03-28,38.46305465698242,34.6133918762207
2002-03-29,38.46305465698242,34.6133918762207
2002-04-01,38.46305465698242,34.6133918762207
2002-04-02,34.51812744140625,31.06329917907715
2002-04-03,34.51812744140625,31.06329917907715
2002-04-04,34.51812744140625,31.06329917907715
2002-04-05,34.51812744140625,31.06329917907715
2002-04-08,32.54566192626953,32.83834457397461
2002-04-09,36.4905891418457,32.83834457397461
2002-04-10,34.51812744140625,31.06329917907715
2002-04-11,34.51812744140625,31.06329917907715
2002-04-12,34.51812744140625,31.06329917907715
2002-04-15,31.559429168701172,33.725868225097656
2002-04-16,37.47682189941406,33.725868225097656
2002-04-17,37.47682189941406,33.725868225097656
2002-04-18,37.47682189941406,33.725868225097656
2002-04-19,33.53189468383789,33.725868225097656
2002-04-22,37.47682189941406,33.725868225097656
2002-04-23,35.50436019897461,33.725868225097656
2002-04-24,37.47682189941406,33.725868225097656
2002-04-25,37.47682189941406,33.725868225097656
2002-04-26,37.47682189941406,33.725868225097656
2002-04-29,37.47682189941406,33.725868225097656
2002-04-30,37.47682189941406,33.725868225097656
2002-05-01,37.47682189941406,33.725868225097656
2002-05-02,37.47682189941406,33.725868225097656
2002-05-03,37.47682189941406,33.725868225097656
2002-05-06,37.47682189941406,33.725868225097656
2002-05-07,37.47682189941406,33.725868225097656
2002-05-08,34.51812744140625,33.725868225097656
2002-05-09,33.53189468383789,33.725868225097656
2002-05-10,37.47682189941406,33.725868225097656
2002-05-13,37.47682189941406,33.725868225097656
2002-05-14,34.51812744140625,31.06329917907715
2002-05-15,33.53189468383789,31.06329917907715
2002-05-16,34.51812744140625,31.06329917907715
2002-05-17,34.51812744140625,31.06329917907715
2002-05-20,34.51812744140625,31.06329917907715
2002-05-21,34.51812744140625,31.06329917907715
2002-05-22,34.51812744140625,31.06329917907715
2002-05-23,34.51812744140625,31.06329917907715
2002-05-24,34.51812744140625,31.06329917907715
2002-05-27,31.559429168701172,30.175777435302734
2002-05-28,33.53189468383789,30.175777435302734
2002-05-29,33.53189468383789,30.175777435302734
2002-05-30,33.53189468383789,30.175777435302734
2002-05-31,33.53189468383789,30.175777435302734
2002-06-03,33.53189468383789,30.175777435302734
2002-06-04,33.53189468383789,30.175777435302734
2002-06-05,33.53189468383789,30.175777435302734
2002-06-06,33.53189468383789,30.175777435302734
2002-06-07,33.53189468383789,30.175777435302734
2002-06-10,33.53189468383789,30.175777435302734
2002-06-11,25.64203643798828,23.075593948364258
2002-06-12,25.64203643798828,23.075593948364258
2002-06-13,25.64203643798828,23.075593948364258
2002-06-14,25.64203643798828,23.075593948364258
2002-06-17,25.64203643798828,23.075593948364258
2002-06-18,22.683340072631836,22.18807029724121
2002-06-19,24.655803680419922,23.075593948364258
2002-06-20,25.64203643798828,23.075593948364258
2002-06-21,25.64203643798828,23.075593948364258
2002-06-24,25.64203643798828,23.075593948364258
2002-06-25,25.64203643798828,23.075593948364258
2002-06-26,25.64203643798828,23.075593948364258
2002-06-27,22.683340072631836,17.750457763671875
2002-06-28,19.72464370727539,13.31284236907959
2002-07-01,19.72464370727539,17.750457763671875
2002-07-02,23.669572830200195,21.300548553466797
2002-07-03,23.669572830200195,21.300548553466797
2002-07-04,22.683340072631836,22.18807029724121
2002-07-05,24.655803680419922,22.18807029724121
2002-07-08,24.655803680419922,22.18807029724121
2002-07-09,24.655803680419922,22.18807029724121
2002-07-10,24.655803680419922,22.18807029724121
2002-07-11,24.655803680419922,22.18807029724121
2002-07-12,24.655803680419922,23.963117599487305
2002-07-15,26.62826919555664,23.963117599487305
2002-07-16,26.62826919555664,23.963117599487305
2002-07-17,26.62826919555664,23.963117599487305
2002-07-18,26.62826919555664,23.963117599487305
2002-07-19,26.62826919555664,23.963117599487305
2002-07-22,26.62826919555664,23.963117599487305
2002-07-23,22.683340072631836,23.075593948364258
2002-07-24,25.64203643798828,23.075593948364258
2002-07-25,25.64203643798828,23.075593948364258
2002-07-26,25.64203643798828,23.075593948364258
2002-07-29,25.64203643798828,23.075593948364258
2002-07-30,25.64203643798828,23.075593948364258
2002-07-31,25.64203643798828,23.075593948364258
2002-08-01,26.62826919555664,25.738162994384766
2002-08-02,28.600732803344727,25.738162994384766
2002-08-05,28.600732803344727,25.738162994384766
2002-08-06,28.600732803344727,25.738162994384766
2002-08-07,28.600732803344727,25.738162994384766
2002-08-08,28.600732803344727,25.738162994384766
2002-08-09,25.64203643798828,23.075593948364258
2002-08-12,25.64203643798828,23.075593948364258
2002-08-13,25.64203643798828,23.075593948364258
2002-08-14,25.64203643798828,23.075593948364258
2002-08-15,25.64203643798828,23.075593948364258
2002-08-16,25.64203643798828,23.075593948364258
2002-08-19,25.64203643798828,23.075593948364258
2002-08-20,26.62826919555664,23.963117599487305
2002-08-21,26.62826919555664,23.963117599487305
2002-08-22,26.62826919555664,23.963117599487305
2002-08-23,26.62826919555664,23.963117599487305
2002-08-26,26.62826919555664,23.963117599487305
2002-08-27,26.62826919555664,23.963117599487305
2002-08-28,26.62826919555664,23.963117599487305
2002-08-29,26.62826919555664,23.963117599487305
2002-08-30,29.586965560913086,26.625686645507812
2002-09-02,29.586965560913086,26.625686645507812
2002-09-03,31.559429168701172,28.40073013305664
2002-09-04,31.559429168701172,28.40073013305664
2002-09-05,31.559429168701172,28.40073013305664
2002-09-06,31.559429168701172,28.40073013305664
2002-09-09,31.559429168701172,28.40073013305664
2002-09-10,31.559429168701172,28.40073013305664
2002-09-11,31.559429168701172,28.40073013305664
2002-09-12,31.559429168701172,28.40073013305664
2002-09-13,31.559429168701172,28.40073013305664
2002-09-16,31.559429168701172,28.40073013305664
2002-09-17,31.559429168701172,28.40073013305664
2002-09-18,31.559429168701172,28.40073013305664
2002-09-19,31.559429168701172,28.40073013305664
2002-09-20,31.559429168701172,28.40073013305664
2002-09-23,28.600732803344727,23.963117599487305
2002-09-24,26.62826919555664,26.625686645507812
2002-09-25,29.586965560913086,26.625686645507812
2002-09-26,29.586965560913086,26.625686645507812
2002-09-27,29.586965560913086,26.625686645507812
2002-09-30,29.586965560913086,26.625686645507812
2002-10-01,29.586965560913086,26.625686645507812
2002-10-02,29.586965560913086,26.625686645507812
2002-10-03,29.586965560913086,26.625686645507812
2002-10-04,29.586965560913086,26.625686645507812
2002-10-07,29.586965560913086,26.625686645507812
2002-10-08,29.586965560913086,26.625686645507812
2002-10-09,29.586965560913086,26.625686645507812
2002-10-10,29.586965560913086,26.625686645507812
2002-10-11,32.54566192626953,29.288253784179688
2002-10-14,32.54566192626953,29.288253784179688
2002-10-15,29.586965560913086,26.625686645507812
2002-10-16,29.586965560913086,26.625686645507812
2002-10-17,29.586965560913086,26.625686645507812
2002-10-18,29.586965560913086,26.625686645507812
2002-10-21,29.586965560913086,26.625686645507812
2002-10-22,29.586965560913086,26.625686645507812
2002-10-23,29.586965560913086,26.625686645507812
2002-10-24,29.586965560913086,26.625686645507812
2002-10-25,29.586965560913086,26.625686645507812
2002-10-28,29.586965560913086,26.625686645507812
2002-10-29,29.586965560913086,26.625686645507812
2002-10-30,29.586965560913086,26.625686645507812
2002-10-31,29.586965560913086,26.625686645507812
2002-11-01,29.586965560913086,26.625686645507812
2002-11-04,29.586965560913086,26.625686645507812
2002-11-05,29.586965560913086,26.625686645507812
2002-11-06,29.586965560913086,26.625686645507812
2002-11-07,29.586965560913086,26.625686645507812
2002-11-08,29.586965560913086,26.625686645507812
2002-11-11,29.586965560913086,26.625686645507812
2002-11-12,29.586965560913086,26.625686645507812
2002-11-13,29.586965560913086,26.625686645507812
2002-11-14,29.586965560913086,26.625686645507812
2002-11-15,29.586965560913086,26.625686645507812
2002-11-18,29.586965560913086,26.625686645507812
2002-11-19,29.586965560913086,26.625686645507812
2002-11-20,29.586965560913086,26.625686645507812
2002-11-21,29.586965560913086,26.625686645507812
2002-11-22,29.586965560913086,26.625686645507812
2002-11-25,29.586965560913086,26.625686645507812
2002-11-26,29.586965560913086,26.625686645507812
2002-11-27,29.586965560913086,26.625686645507812
2002-11-28,29.586965560913086,26.625686645507812
2002-11-29,29.586965560913086,26.625686645507812
2002-12-02,29.586965560913086,26.625686645507812
2002-12-03,29.586965560913086,26.625686645507812
2002-12-04,29.586965560913086,26.625686645507812
2002-12-05,29.586965560913086,26.625686645507812
2002-12-06,29.586965560913086,26.625686645507812
2002-12-09,29.586965560913086,26.625686645507812
2002-12-10,29.586965560913086,26.625686645507812
2002-12-11,29.586965560913086,26.625686645507812
2002-12-12,29.586965560913086,26.625686645507812
2002-12-13,29.586965560913086,26.625686645507812
2002-12-16,29.586965560913086,26.625686645507812
2002-12-17,29.586965560913086,26.625686645507812
2002-12-18,27.614501953125,24.85064125061035
2002-12-19,27.614501953125,24.85064125061035
2002-12-20,27.614501953125,24.85064125061035
2002-12-23,27.614501953125,24.85064125061035
2002-12-24,27.614501953125,24.85064125061035
2002-12-25,27.614501953125,24.85064125061035
2002-12-26,27.614501953125,24.85064125061035
2002-12-27,27.614501953125,24.85064125061035
2002-12-30,27.614501953125,24.85064125061035
2002-12-31,27.614501953125,24.85064125061035
2003-01-01,27.614501953125,24.85064125061035
2003-01-02,27.614501953125,24.85064125061035
2003-01-03,27.614501953125,24.85064125061035
2003-01-06,27.614501953125,24.85064125061035
2003-01-07,27.614501953125,24.85064125061035
2003-01-08,27.614501953125,24.85064125061035
2003-01-09,27.614501953125,24.85064125061035
2003-01-10,27.614501953125,24.85064125061035
2003-01-13,26.62826919555664,23.963117599487305
2003-01-14,26.62826919555664,23.963117599487305
2003-01-15,26.62826919555664,23.963117599487305
2003-01-16,26.62826919555664,23.963117599487305
2003-01-17,26.62826919555664,23.963117599487305
2003-01-20,26.62826919555664,23.963117599487305
2003-01-21,26.62826919555664,23.963117599487305
2003-01-22,26.62826919555664,23.963117599487305
2003-01-23,26.62826919555664,23.963117599487305
2003-01-24,26.62826919555664,23.963117599487305
2003-01-27,26.62826919555664,23.963117599487305
2003-01-28,26.62826919555664,23.963117599487305
2003-01-29,26.62826919555664,23.963117599487305
2003-01-30,26.62826919555664,23.963117599487305
2003-01-31,24.655803680419922,25.738162994384766
2003-02-03,28.600732803344727,25.738162994384766
2003-02-04,28.600732803344727,25.738162994384766
2003-02-05,28.600732803344727,25.738162994384766
2003-02-06,28.600732803344727,25.738162994384766
2003-02-07,29.586965560913086,26.625686645507812
2003-02-10,29.586965560913086,26.625686645507812
2003-02-11,29.586965560913086,26.625686645507812
2003-02-12,25.64203643798828,21.300548553466797
2003-02-13,20.71087646484375,17.750457763671875
2003-02-14,19.72464370727539,17.750457763671875
2003-02-17,19.72464370727539,17.750457763671875
2003-02-18,19.72464370727539,17.750457763671875
2003-02-19,19.72464370727539,17.750457763671875
2003-02-20,17.752178192138672,16.862934112548828
2003-02-21,18.73841094970703,16.862934112548828
2003-02-24,16.765947341918945,17.750457763671875
2003-02-25,17.752178192138672,16.862934112548828
2003-02-26,18.73841094970703,16.862934112548828
2003-02-27,20.71087646484375,19.525501251220703
2003-02-28,21.697107315063477,19.525501251220703
2003-03-03,21.697107315063477,19.525501251220703
2003-03-04,21.697107315063477,19.525501251220703
2003-03-05,19.72464370727539,17.750457763671875
2003-03-06,19.72464370727539,19.525501251220703
2003-03-07,21.697107315063477,19.525501251220703
2003-03-10,18.73841094970703,14.20036506652832
2003-03-11,16.765947341918945,15.975411415100098
2003-03-12,18.73841094970703,16.862934112548828
2003-03-13,17.752178192138672,16.862934112548828
2003-03-14,17.752178192138672,15.975411415100098
2003-03-17,18.73841094970703,16.862934112548828
2003-03-18,17.752178192138672,16.862934112548828
2003-03-19,18.73841094970703,16.862934112548828
2003-03-20,18.73841094970703,16.862934112548828
2003-03-21,18.73841094970703,16.862934112548828
2003-03-24,18.73841094970703,18.637981414794922
2003-03-25,20.71087646484375,18.637981414794922
2003-03-26,20.71087646484375,18.637981414794922
2003-03-27,20.71087646484375,18.637981414794922
2003-03-28,20.71087646484375,18.637981414794922
2003-03-31,20.71087646484375,18.637981414794922
2003-04-01,20.71087646484375,18.637981414794922
2003-04-02,20.71087646484375,18.637981414794922
2003-04-03,21.697107315063477,17.750457763671875
2003-04-04,19.72464370727539,17.750457763671875
2003-04-07,19.72464370727539,17.750457763671875
2003-04-08,19.72464370727539,17.750457763671875
2003-04-09,21.697107315063477,16.862934112548828
2003-04-10,18.73841094970703,16.862934112548828
2003-04-11,18.73841094970703,16.862934112548828
2003-04-14,19.72464370727539,17.750457763671875
2003-04-15,22.683340072631836,24.85064125061035
2003-04-16,26.62826919555664,22.18807029724121
2003-04-17,24.655803680419922,22.18807029724121
2003-04-18,24.655803680419922,22.18807029724121
2003-04-21,24.655803680419922,22.18807029724121
2003-04-22,24.655803680419922,22.18807029724121
2003-04-23,24.655803680419922,22.18807029724121
2003-04-24,24.655803680419922,22.18807029724121
2003-04-25,24.655803680419922,22.18807029724121
2003-04-28,23.669572830200195,21.300548553466797
2003-04-29,23.669572830200195,21.300548553466797
2003-04-30,23.669572830200195,21.300548553466797
2003-05-01,23.669572830200195,21.300548553466797
2003-05-02,23.669572830200195,21.300548553466797
2003-05-05,23.669572830200195,21.300548553466797
2003-05-06,22.683340072631836,22.18807029724121
2003-05-07,24.655803680419922,22.18807029724121
2003-05-08,24.655803680419922,22.18807029724121
2003-05-09,22.683340072631836,22.18807029724121
2003-05-12,24.655803680419922,22.18807029724121
2003-05-13,24.655803680419922,22.18807029724121
2003-05-14,23.669572830200195,21.300548553466797
2003-05-15,22.683340072631836,20.413026809692383
2003-05-16,23.669572830200195,21.300548553466797
2003-05-19,23.669572830200195,21.300548553466797
2003-05-20,22.683340072631836,21.300548553466797
2003-05-21,23.669572830200195,21.300548553466797
2003-05-22,22.683340072631836,21.300548553466797
2003-05-23,22.683340072631836,20.413026809692383
2003-05-26,22.683340072631836,20.413026809692383
2003-05-27,21.697107315063477,20.413026809692383
2003-05-28,22.683340072631836,21.300548553466797
2003-05-29,22.683340072631836,21.300548553466797
2003-05-30,23.669572830200195,21.300548553466797
2003-06-02,23.669572830200195,21.300548553466797
2003-06-03,22.683340072631836,20.413026809692383
2003-06-04,22.683340072631836,23.963117599487305
2003-06-05,22.683340072631836,22.18807029724121
2003-06-06,24.655803680419922,22.18807029724121
2003-06-09,24.655803680419922,22.18807029724121
2003-06-10,24.655803680419922,22.18807029724121
2003-06-11,22.683340072631836,21.300548553466797
2003-06-12,23.669572830200195,21.300548553466797
2003-06-13,23.669572830200195,21.300548553466797
2003-06-16,22.683340072631836,18.637981414794922
2003-06-17,21.697107315063477,19.525501251220703
2003-06-18,22.683340072631836,20.413026809692383
2003-06-19,22.683340072631836,20.413026809692383
2003-06-20,21.697107315063477,19.525501251220703
2003-06-23,21.697107315063477,19.525501251220703
2003-06-24,21.697107315063477,19.525501251220703
2003-06-25,21.697107315063477,19.525501251220703
2003-06-26,21.697107315063477,19.525501251220703
2003-06-27,20.71087646484375,19.525501251220703
2003-06-30,21.697107315063477,19.525501251220703
2003-07-01,21.697107315063477,19.525501251220703
2003-07-02,21.697107315063477,19.525501251220703
2003-07-03,20.71087646484375,19.525501251220703
2003-07-04,21.697107315063477,19.525501251220703
2003-07-07,21.697107315063477,19.525501251220703
2003-07-08,21.697107315063477,19.525501251220703
2003-07-09,21.697107315063477,19.525501251220703
2003-07-10,21.697107315063477,18.637981414794922
2003-07-11,19.72464370727539,17.750457763671875
2003-07-14,19.72464370727539,17.750457763671875
2003-07-15,19.72464370727539,17.750457763671875
2003-07-16,19.72464370727539,17.750457763671875
2003-07-17,19.72464370727539,15.087888717651367
2003-07-18,19.72464370727539,15.975411415100098
2003-07-21,17.752178192138672,16.862934112548828
2003-07-22,18.73841094970703,16.862934112548828
2003-07-23,18.73841094970703,15.975411415100098
2003-07-24,18.73841094970703,16.862934112548828
2003-07-25,18.73841094970703,16.862934112548828
2003-07-28,18.73841094970703,16.862934112548828
2003-07-29,18.73841094970703,16.862934112548828
2003-07-30,18.73841094970703,16.862934112548828
2003-07-31,18.73841094970703,16.862934112548828
2003-08-01,18.73841094970703,16.862934112548828
2003-08-04,18.73841094970703,16.862934112548828
2003-08-05,17.752178192138672,16.862934112548828
2003-08-06,18.73841094970703,16.862934112548828
2003-08-07,18.73841094970703,16.862934112548828
2003-08-08,18.73841094970703,16.862934112548828
2003-08-11,18.73841094970703,16.862934112548828
2003-08-12,18.73841094970703,16.862934112548828
2003-08-13,18.73841094970703,16.862934112548828
2003-08-14,18.73841094970703,16.862934112548828
2003-08-15,17.752178192138672,15.975411415100098
2003-08-18,18.73841094970703,16.862934112548828
2003-08-19,18.73841094970703,16.862934112548828
2003-08-20,18.73841094970703,17.750457763671875
2003-08-21,19.72464370727539,17.750457763671875
2003-08-22,19.72464370727539,17.750457763671875
2003-08-25,19.72464370727539,17.750457763671875
2003-08-26,19.72464370727539,17.750457763671875
2003-08-27,20.71087646484375,17.750457763671875
2003-08-28,21.697107315063477,19.525501251220703
2003-08-29,21.697107315063477,19.525501251220703
2003-09-01,21.697107315063477,19.525501251220703
2003-09-02,22.683340072631836,20.413026809692383
2003-09-03,22.683340072631836,20.413026809692383
2003-09-04,23.669572830200195,24.85064125061035
2003-09-05,26.62826919555664,23.963117599487305
2003-09-08,24.655803680419922,22.18807029724121
2003-09-09,24.655803680419922,22.18807029724121
2003-09-10,27.614501953125,28.40073013305664
2003-09-11,32.54566192626953,31.95082664489746
2003-09-12,35.50436019897461,30.175777435302734
2003-09-15,33.53189468383789,30.175777435302734
2003-09-16,33.53189468383789,30.175777435302734
2003-09-17,32.54566192626953,26.625686645507812
2003-09-18,29.586965560913086,26.625686645507812
2003-09-19,29.586965560913086,26.625686645507812
2003-09-22,29.586965560913086,26.625686645507812
2003-09-23,29.586965560913086,26.625686645507812
2003-09-24,29.586965560913086,29.288253784179688
2003-09-25,32.54566192626953,29.288253784179688
2003-09-26,30.573198318481445,27.513208389282227
2003-09-29,30.573198318481445,27.513208389282227
2003-09-30,29.586965560913086,26.625686645507812
2003-10-01,31.559429168701172,28.40073013305664
2003-10-02,29.586965560913086,27.513208389282227
2003-10-03,32.54566192626953,29.288253784179688
2003-10-06,32.54566192626953,29.288253784179688
2003-10-07,32.54566192626953,30.175777435302734
2003-10-08,32.54566192626953,29.288253784179688
2003-10-09,32.54566192626953,29.288253784179688
2003-10-10,32.54566192626953,29.288253784179688
2003-10-13,34.51812744140625,29.288253784179688
2003-10-14,32.54566192626953,29.288253784179688
2003-10-15,34.51812744140625,31.06329917907715
2003-10-16,34.51812744140625,31.06329917907715
2003-10-17,34.51812744140625,31.06329917907715
2003-10-20,34.51812744140625,31.06329917907715
2003-10-21,34.51812744140625,31.06329917907715
2003-10-22,34.51812744140625,31.06329917907715
2003-10-23,32.54566192626953,29.288253784179688
2003-10-24,32.54566192626953,29.288253784179688
2003-10-27,32.54566192626953,29.288253784179688
2003-10-28,32.54566192626953,29.288253784179688
2003-10-29,32.54566192626953,29.288253784179688
2003-10-30,32.54566192626953,29.288253784179688
2003-10-31,32.54566192626953,29.288253784179688
2003-11-03,32.54566192626953,29.288253784179688
2003-11-04,32.54566192626953,29.288253784179688
2003-11-05,35.50436019897461,31.06329917907715
2003-11-06,32.54566192626953,30.175777435302734
2003-11-07,30.573198318481445,29.288253784179688
2003-11-10,32.54566192626953,29.288253784179688
2003-11-11,32.54566192626953,29.288253784179688
2003-11-12,32.54566192626953,29.288253784179688
2003-11-13,32.54566192626953,29.288253784179688
2003-11-14,35.50436019897461,31.95082664489746
2003-11-17,35.50436019897461,31.95082664489746
2003-11-18,35.50436019897461,31.95082664489746
2003-11-19,35.50436019897461,31.95082664489746
2003-11-20,37.47682189941406,33.725868225097656
2003-11-21,39.44928741455078,34.6133918762207
2003-11-24,38.46305465698242,36.38843536376953
2003-11-25,34.51812744140625,32.83834457397461
2003-11-26,44.38044738769531,38.163482666015625
2003-11-27,42.40798568725586,38.163482666015625
2003-11-28,42.40798568725586,38.163482666015625
2003-12-01,39.44928741455078,38.163482666015625
2003-12-02,37.47682189941406,39.051002502441406
2003-12-03,44.38044738769531,39.93852996826172
2003-12-04,44.38044738769531,39.93852996826172
2003-12-05,44.38044738769531,39.93852996826172
2003-12-08,40.43552017211914,38.163482666015625
2003-12-09,43.39421463012695,33.725868225097656
2003-12-10,39.44928741455078,31.95082664489746
2003-12-11,36.4905891418457,36.38843536376953
2003-12-12,40.43552017211914,35.50091552734375
2003-12-15,40.43552017211914,38.163482666015625
2003-12-16,42.40798568725586,39.051002502441406
2003-12-17,44.38044738769531,39.93852996826172
2003-12-18,43.39421463012695,39.93852996826172
2003-12-19,43.39421463012695,40.826053619384766
2003-12-22,45.36668014526367,40.826053619384766
2003-12-23,43.39421463012695,40.826053619384766
2003-12-24,45.36668014526367,40.826053619384766
2003-12-25,45.36668014526367,40.826053619384766
2003-12-26,44.38044738769531,39.93852996826172
2003-12-29,43.39421463012695,38.163482666015625
2003-12-30,41.4217529296875,39.051002502441406
2003-12-31,43.39421463012695,39.051002502441406
2004-01-01,43.39421463012695,39.051002502441406
2004-01-02,41.4217529296875,37.275962829589844
2004-01-05,41.4217529296875,36.38843536376953
2004-01-06,41.4217529296875,36.38843536376953
2004-01-07,40.43552017211914,36.38843536376953
2004-01-08,43.39421463012695,39.051002502441406
2004-01-09,43.39421463012695,38.163482666015625
2004-01-12,43.39421463012695,39.051002502441406
2004-01-13,42.40798568725586,38.163482666015625
2004-01-14,40.43552017211914,36.38843536376953
2004-01-15,41.4217529296875,36.38843536376953
2004-01-16,39.44928741455078,35.50091552734375
2004-01-19,39.44928741455078,37.275962829589844
2004-01-20,40.43552017211914,36.38843536376953
2004-01-21,39.44928741455078,35.50091552734375
2004-01-22,38.46305465698242,34.6133918762207
2004-01-23,39.44928741455078,35.50091552734375
2004-01-26,39.44928741455078,35.50091552734375
2004-01-27,38.46305465698242,35.50091552734375
2004-01-28,37.47682189941406,32.83834457397461
2004-01-29,35.50436019897461,31.06329917907715
2004-01-30,35.50436019897461,31.95082664489746
2004-02-02,32.54566192626953,31.95082664489746
2004-02-03,142.01744079589844,31.95082664489746
2004-02-04,35.50436019897461,31.95082664489746
2004-02-05,35.50436019897461,31.95082664489746
2004-02-06,33.53189468383789,32.83834457397461
2004-02-09,34.51812744140625,32.83834457397461
2004-02-10,36.4905891418457,32.83834457397461
2004-02-11,35.50436019897461,31.95082664489746
2004-02-12,35.50436019897461,31.95082664489746
2004-02-13,33.53189468383789,31.95082664489746
2004-02-16,35.50436019897461,31.95082664489746
2004-02-17,34.51812744140625,31.95082664489746
2004-02-18,34.51812744140625,31.06329917907715
2004-02-19,34.51812744140625,30.175777435302734
2004-02-20,33.53189468383789,30.175777435302734
2004-02-23,33.53189468383789,30.175777435302734
2004-02-24,33.53189468383789,30.175777435302734
2004-02-25,33.53189468383789,30.175777435302734
2004-02-26,33.53189468383789,30.175777435302734
2004-02-27,33.53189468383789,30.175777435302734
2004-03-01,34.51812744140625,32.83834457397461
2004-03-02,36.4905891418457,32.83834457397461
2004-03-03,35.50436019897461,32.83834457397461
2004-03-04,36.4905891418457,33.725868225097656
2004-03-05,37.47682189941406,33.725868225097656
2004-03-08,37.47682189941406,33.725868225097656
2004-03-09,35.50436019897461,33.725868225097656
2004-03-10,37.47682189941406,33.725868225097656
2004-03-11,37.47682189941406,33.725868225097656
2004-03-12,37.47682189941406,33.725868225097656
2004-03-15,37.47682189941406,33.725868225097656
2004-03-16,37.47682189941406,33.725868225097656
2004-03-17,37.47682189941406,33.725868225097656
2004-03-18,37.47682189941406,33.725868225097656
2004-03-19,38.46305465698242,34.6133918762207
2004-03-22,38.46305465698242,34.6133918762207
2004-03-23,37.47682189941406,34.6133918762207
2004-03-24,38.46305465698242,34.6133918762207
2004-03-25,38.46305465698242,34.6133918762207
2004-03-26,38.46305465698242,34.6133918762207
2004-03-29,38.46305465698242,34.6133918762207
2004-03-30,38.46305465698242,34.6133918762207
2004-03-31,38.46305465698242,34.6133918762207
2004-04-01,38.46305465698242,34.6133918762207
2004-04-02,38.46305465698242,35.50091552734375
2004-04-05,39.44928741455078,35.50091552734375
2004-04-06,39.44928741455078,35.50091552734375
2004-04-07,39.44928741455078,35.50091552734375
2004-04-08,39.44928741455078,35.50091552734375
2004-04-09,39.44928741455078,35.50091552734375
2004-04-12,36.4905891418457,34.6133918762207
2004-04-13,39.44928741455078,35.50091552734375
2004-04-14,39.44928741455078,35.50091552734375
2004-04-15,36.4905891418457,32.83834457397461
2004-04-16,37.47682189941406,33.725868225097656
2004-04-19,37.47682189941406,33.725868225097656
2004-04-20,35.50436019897461,34.6133918762207
2004-04-21,38.46305465698242,34.6133918762207
2004-04-22,38.46305465698242,34.6133918762207
2004-04-23,38.46305465698242,34.6133918762207
2004-04-26,38.46305465698242,34.6133918762207
2004-04-27,38.46305465698242,34.6133918762207
2004-04-28,38.46305465698242,34.6133918762207
2004-04-29,38.46305465698242,34.6133918762207
2004-04-30,38.46305465698242,34.6133918762207
2004-05-03,38.46305465698242,34.6133918762207
2004-05-04,38.46305465698242,34.6133918762207
2004-05-05,37.47682189941406,35.50091552734375
2004-05-06,37.47682189941406,34.6133918762207
2004-05-07,34.51812744140625,33.725868225097656
2004-05-10,36.4905891418457,33.725868225097656
2004-05-11,37.47682189941406,34.6133918762207
2004-05-12,39.44928741455078,35.50091552734375
2004-05-13,39.44928741455078,35.50091552734375
2004-05-14,39.44928741455078,35.50091552734375
2004-05-17,39.44928741455078,35.50091552734375
2004-05-18,39.44928741455078,35.50091552734375
2004-05-19,39.44928741455078,35.50091552734375
2004-05-20,39.44928741455078,35.50091552734375
2004-05-21,35.50436019897461,32.83834457397461
2004-05-24,38.46305465698242,32.83834457397461
2004-05-25,35.50436019897461,32.83834457397461
2004-05-26,37.47682189941406,33.725868225097656
2004-05-27,37.47682189941406,33.725868225097656
2004-05-28,38.46305465698242,34.6133918762207
2004-05-31,39.44928741455078,35.50091552734375
2004-06-01,39.44928741455078,35.50091552734375
2004-06-02,38.46305465698242,35.50091552734375
2004-06-03,39.44928741455078,35.50091552734375
2004-06-04,39.44928741455078,35.50091552734375
2004-06-07,39.44928741455078,35.50091552734375
2004-06-08,39.44928741455078,35.50091552734375
2004-06-09,39.44928741455078,35.50091552734375
2004-06-10,39.44928741455078,35.50091552734375
2004-06-11,39.44928741455078,35.50091552734375
2004-06-14,39.44928741455078,35.50091552734375
2004-06-15,38.46305465698242,34.6133918762207
2004-06-16,38.46305465698242,34.6133918762207
2004-06-17,38.46305465698242,34.6133918762207
2004-06-18,38.46305465698242,34.6133918762207
2004-06-21,39.44928741455078,35.50091552734375
2004-06-22,39.44928741455078,35.50091552734375
2004-06-23,39.44928741455078,35.50091552734375
2004-06-24,39.44928741455078,35.50091552734375
2004-06-25,39.44928741455078,35.50091552734375
2004-06-28,39.44928741455078,35.50091552734375
2004-06-29,39.44928741455078,35.50091552734375
2004-06-30,39.44928741455078,35.50091552734375
2004-07-01,38.46305465698242,34.6133918762207
2004-07-02,38.46305465698242,34.6133918762207
2004-07-05,38.46305465698242,34.6133918762207
2004-07-06,38.46305465698242,34.6133918762207
2004-07-07,38.46305465698242,35.50091552734375
2004-07-08,38.46305465698242,34.6133918762207
2004-07-09,38.46305465698242,34.6133918762207
2004-07-12,38.46305465698242,34.6133918762207
2004-07-13,39.44928741455078,34.6133918762207
2004-07-14,38.46305465698242,34.6133918762207
2004-07-15,38.46305465698242,34.6133918762207
2004-07-16,38.46305465698242,34.6133918762207
2004-07-19,38.46305465698242,34.6133918762207
2004-07-20,38.46305465698242,34.6133918762207
2004-07-21,38.46305465698242,34.6133918762207
2004-07-22,38.46305465698242,34.6133918762207
2004-07-23,38.46305465698242,34.6133918762207
2004-07-26,38.46305465698242,34.6133918762207
2004-07-27,37.47682189941406,33.725868225097656
2004-07-28,37.47682189941406,33.725868225097656
2004-07-29,37.47682189941406,33.725868225097656
2004-07-30,38.46305465698242,34.6133918762207
2004-08-02,38.46305465698242,34.6133918762207
2004-08-03,39.44928741455078,35.50091552734375
2004-08-04,42.40798568725586,38.163482666015625
2004-08-05,42.40798568725586,38.163482666015625
2004-08-06,42.40798568725586,38.163482666015625
2004-08-09,42.40798568725586,38.163482666015625
2004-08-10,42.40798568725586,38.163482666015625
2004-08-11,43.39421463012695,38.163482666015625
2004-08-12,42.40798568725586,38.163482666015625
2004-08-13,42.40798568725586,38.163482666015625
2004-08-16,42.40798568725586,38.163482666015625
2004-08-17,43.39421463012695,39.051002502441406
2004-08-18,43.39421463012695,39.93852996826172
2004-08-19,46.35291290283203,42.601097106933594
2004-08-20,47.33914566040039,43.488624572753906
2004-08-23,48.32537841796875,43.488624572753906
2004-08-24,48.32537841796875,43.488624572753906
2004-08-25,48.32537841796875,43.488624572753906
2004-08-26,48.32537841796875,43.488624572753906
2004-08-27,48.32537841796875,43.488624572753906
2004-08-30,48.32537841796875,44.37614059448242
2004-08-31,48.32537841796875,43.488624572753906
2004-09-01,48.32537841796875,43.488624572753906
2004-09-02,48.32537841796875,43.488624572753906
2004-09-03,49.311607360839844,43.488624572753906
2004-09-06,48.32537841796875,43.488624572753906
2004-09-07,48.32537841796875,43.488624572753906
2004-09-08,50.2978401184082,44.37614059448242
2004-09-09,49.311607360839844,44.37614059448242
2004-09-10,49.311607360839844,44.37614059448242
2004-09-13,48.32537841796875,43.488624572753906
2004-09-14,48.32537841796875,43.488624572753906
2004-09-15,48.32537841796875,43.488624572753906
2004-09-16,50.2978401184082,44.37614059448242
2004-09-17,49.311607360839844,44.37614059448242
2004-09-20,49.311607360839844,44.37614059448242
2004-09-21,49.311607360839844,44.37614059448242
2004-09-22,51.28407287597656,48.81375503540039
2004-09-23,54.24277114868164,48.81375503540039
2004-09-24,54.24277114868164,48.81375503540039
2004-09-27,54.24277114868164,48.81375503540039
2004-09-28,54.24277114868164,48.81375503540039
2004-09-29,54.24277114868164,48.81375503540039
2004-09-30,54.24277114868164,48.81375503540039
2004-10-01,51.28407287597656,48.81375503540039
2004-10-04,55.22900390625,52.36384963989258
2004-10-05,56.21523666381836,49.7012825012207
2004-10-06,52.27030563354492,48.81375503540039
2004-10-07,54.24277114868164,48.81375503540039
2004-10-08,54.24277114868164,48.81375503540039
2004-10-11,54.24277114868164,48.81375503540039
2004-10-12,54.24277114868164,48.81375503540039
2004-10-13,54.24277114868164,48.81375503540039
2004-10-14,54.24277114868164,48.81375503540039
2004-10-15,51.28407287597656,47.92623519897461
2004-10-18,49.311607360839844,47.03871154785156
2004-10-19,53.25653839111328,46.151187896728516
2004-10-20,52.27030563354492,47.03871154785156
2004-10-21,52.27030563354492,47.03871154785156
2004-10-22,52.27030563354492,47.03871154785156
2004-10-25,52.27030563354492,47.03871154785156
2004-10-26,53.25653839111328,48.81375503540039
2004-10-27,54.24277114868164,48.81375503540039
2004-10-28,54.24277114868164,48.81375503540039
2004-10-29,54.24277114868164,48.81375503540039
2004-11-01,54.24277114868164,48.81375503540039
2004-11-03,54.24277114868164,48.81375503540039
2004-11-04,53.25653839111328,47.92623519897461
2004-11-05,51.28407287597656,47.92623519897461
2004-11-08,53.25653839111328,47.92623519897461
2004-11-09,53.25653839111328,47.92623519897461
2004-11-10,54.24277114868164,47.03871154785156
2004-11-11,51.28407287597656,47.03871154785156
2004-11-12,54.24277114868164,48.81375503540039
2004-11-15,54.24277114868164,48.81375503540039
2004-11-16,54.24277114868164,48.81375503540039
2004-11-17,53.25653839111328,47.92623519897461
2004-11-18,51.28407287597656,46.151187896728516
2004-11-19,50.2978401184082,45.26366424560547
2004-11-22,55.22900390625,49.7012825012207
2004-11-23,51.28407287597656,49.7012825012207
2004-11-24,55.22900390625,49.7012825012207
2004-11-25,55.22900390625,49.7012825012207
2004-11-26,55.22900390625,51.47632598876953
2004-11-29,57.20146560668945,51.47632598876953
2004-11-30,57.20146560668945,51.47632598876953
2004-12-01,57.20146560668945,51.47632598876953
2004-12-02,57.20146560668945,51.47632598876953
2004-12-03,57.20146560668945,51.47632598876953
2004-12-06,57.20146560668945,51.47632598876953
2004-12-07,57.20146560668945,51.47632598876953
2004-12-08,57.20146560668945,51.47632598876953
2004-12-09,57.20146560668945,51.47632598876953
2004-12-10,57.20146560668945,51.47632598876953
2004-12-13,57.20146560668945,51.47632598876953
2004-12-14,57.20146560668945,51.47632598876953
2004-12-15,57.20146560668945,51.47632598876953
2004-12-16,57.20146560668945,51.47632598876953
2004-12-17,55.22900390625,49.7012825012207
2004-12-20,55.22900390625,49.7012825012207
2004-12-21,55.22900390625,49.7012825012207
2004-12-22,55.22900390625,49.7012825012207
2004-12-23,57.20146560668945,51.47632598876953
2004-12-24,57.20146560668945,51.47632598876953
2004-12-27,57.20146560668945,51.47632598876953
2004-12-28,57.20146560668945,51.47632598876953
2004-12-29,56.21523666381836,50.588802337646484
2004-12-30,53.25653839111328,50.588802337646484
2004-12-31,56.21523666381836,50.588802337646484
2005-01-03,56.21523666381836,50.588802337646484
2005-01-04,56.21523666381836,50.588802337646484
2005-01-05,52.27030563354492,47.03871154785156
2005-01-06,52.27030563354492,45.26366424560547
2005-01-07,51.28407287597656,47.03871154785156
2005-01-10,52.27030563354492,48.81375503540039
2005-01-11,54.24277114868164,48.81375503540039
2005-01-12,54.24277114868164,48.81375503540039
2005-01-13,54.24277114868164,48.81375503540039
2005-01-14,50.2978401184082,43.488624572753906
2005-01-17,48.32537841796875,43.488624572753906
2005-01-18,48.32537841796875,43.488624572753906
2005-01-19,48.32537841796875,43.488624572753906
2005-01-20,47.33914566040039,42.601097106933594
2005-01-21,52.27030563354492,47.03871154785156
2005-01-24,52.27030563354492,47.03871154785156
2005-01-26,52.27030563354492,47.03871154785156
2005-01-27,52.27030563354492,47.03871154785156
2005-01-28,52.27030563354492,47.03871154785156
2005-01-31,52.27030563354492,47.03871154785156
2005-02-01,52.27030563354492,47.03871154785156
2005-02-02,51.28407287597656,47.03871154785156
2005-02-03,52.27030563354492,47.03871154785156
2005-02-04,52.27030563354492,47.03871154785156
2005-02-09,52.27030563354492,47.03871154785156
2005-02-10,52.27030563354492,47.03871154785156
2005-02-11,52.27030563354492,47.03871154785156
2005-02-14,52.27030563354492,47.03871154785156
2005-02-15,52.27030563354492,47.03871154785156
2005-02-16,52.27030563354492,47.03871154785156
2005-02-17,51.28407287597656,46.151187896728516
2005-02-18,51.28407287597656,46.151187896728516
2005-02-21,51.28407287597656,46.151187896728516
2005-02-22,51.28407287597656,46.151187896728516
2005-02-23,51.28407287597656,46.151187896728516
2005-02-24,51.28407287597656,50.588802337646484
2005-02-25,56.21523666381836,50.588802337646484
2005-02-28,53.25653839111328,47.92623519897461
2005-03-01,53.25653839111328,47.92623519897461
2005-03-02,53.25653839111328,47.92623519897461
2005-03-03,53.25653839111328,47.92623519897461
2005-03-04,53.25653839111328,47.92623519897461
2005-03-07,53.25653839111328,47.92623519897461
2005-03-08,53.25653839111328,47.92623519897461
2005-03-09,53.25653839111328,47.92623519897461
2005-03-10,53.25653839111328,47.92623519897461
2005-03-11,49.311607360839844,44.37614059448242
2005-03-14,49.311607360839844,44.37614059448242
2005-03-15,53.25653839111328,47.92623519897461
2005-03-16,53.25653839111328,47.92623519897461
2005-03-17,53.25653839111328,47.92623519897461
2005-03-18,53.25653839111328,47.92623519897461
2005-03-21,53.25653839111328,47.92623519897461
2005-03-22,53.25653839111328,51.47632598876953
2005-03-23,57.20146560668945,51.47632598876953
2005-03-24,52.27030563354492,50.588802337646484
2005-03-28,56.21523666381836,50.588802337646484
2005-03-29,56.21523666381836,50.588802337646484
2005-03-30,56.21523666381836,50.588802337646484
2005-03-31,52.27030563354492,47.03871154785156
2005-04-01,52.27030563354492,47.03871154785156
2005-04-04,52.27030563354492,47.03871154785156
2005-04-05,52.27030563354492,46.151187896728516
2005-04-06,51.28407287597656,46.151187896728516
2005-04-07,53.25653839111328,47.92623519897461
2005-04-08,53.25653839111328,47.92623519897461
2005-04-11,53.25653839111328,47.92623519897461
2005-04-12,51.28407287597656,48.81375503540039
2005-04-13,54.24277114868164,48.81375503540039
2005-04-14,54.24277114868164,48.81375503540039
2005-04-15,53.25653839111328,47.92623519897461
2005-04-18,53.25653839111328,47.92623519897461
2005-04-19,53.25653839111328,47.92623519897461
2005-04-20,53.25653839111328,47.92623519897461
2005-04-22,53.25653839111328,47.92623519897461
2005-04-25,53.25653839111328,56.80146026611328
2005-04-26,54.24277114868164,48.81375503540039
2005-04-27,55.22900390625,57.688987731933594
2005-04-28,64.10509490966797,57.688987731933594
2005-04-29,49.311607360839844,55.913944244384766
2005-05-02,62.13262939453125,55.913944244384766
2005-05-03,62.13262939453125,55.913944244384766
2005-05-04,59.17393112182617,57.688987731933594
2005-05-05,60.16016387939453,53.251373291015625
2005-05-06,60.16016387939453,54.13889694213867
2005-05-09,60.16016387939453,54.13889694213867
2005-05-10,60.16016387939453,54.13889694213867
2005-05-11,60.16016387939453,54.13889694213867
2005-05-12,59.17393112182617,53.251373291015625
2005-05-13,50.2978401184082,51.47632598876953
2005-05-16,57.20146560668945,51.47632598876953
2005-05-17,57.20146560668945,51.47632598876953
2005-05-18,57.20146560668945,51.47632598876953
2005-05-19,57.20146560668945,51.47632598876953
2005-05-20,50.2978401184082,52.36384963989258
2005-05-23,58.18769836425781,52.36384963989258
2005-05-24,58.18769836425781,52.36384963989258
2005-05-25,58.18769836425781,52.36384963989258
2005-05-27,58.18769836425781,52.36384963989258
2005-05-30,58.18769836425781,52.36384963989258
2005-05-31,54.24277114868164,48.81375503540039
2005-06-01,54.24277114868164,48.81375503540039
2005-06-02,54.24277114868164,48.81375503540039
2005-06-03,54.24277114868164,48.81375503540039
2005-06-06,54.24277114868164,48.81375503540039
2005-06-07,54.24277114868164,48.81375503540039
2005-06-08,54.24277114868164,48.81375503540039
2005-06-09,54.24277114868164,48.81375503540039
2005-06-10,57.20146560668945,51.47632598876953
2005-06-13,53.25653839111328,51.47632598876953
2005-06-14,57.20146560668945,51.47632598876953
2005-06-15,57.20146560668945,51.47632598876953
2005-06-16,57.20146560668945,51.47632598876953
2005-06-17,57.20146560668945,51.47632598876953
2005-06-20,57.20146560668945,51.47632598876953
2005-06-21,57.20146560668945,51.47632598876953
2005-06-22,57.20146560668945,51.47632598876953
2005-06-23,57.20146560668945,51.47632598876953
2005-06-24,57.20146560668945,51.47632598876953
2005-06-27,55.22900390625,49.7012825012207
2005-06-28,55.22900390625,49.7012825012207
2005-06-29,55.22900390625,49.7012825012207
2005-06-30,55.22900390625,49.7012825012207
2005-07-01,55.22900390625,49.7012825012207
2005-07-04,55.22900390625,49.7012825012207
2005-07-05,55.22900390625,49.7012825012207
2005-07-06,55.22900390625,49.7012825012207
2005-07-07,55.22900390625,49.7012825012207
2005-07-08,55.22900390625,49.7012825012207
2005-07-11,55.22900390625,49.7012825012207
2005-07-12,55.22900390625,49.7012825012207
2005-07-13,55.22900390625,49.7012825012207
2005-07-14,55.22900390625,49.7012825012207
2005-07-15,55.22900390625,49.7012825012207
2005-07-18,55.22900390625,49.7012825012207
2005-07-19,55.22900390625,49.7012825012207
2005-07-20,55.22900390625,49.7012825012207
2005-07-21,55.22900390625,49.7012825012207
2005-07-22,55.22900390625,49.7012825012207
2005-07-25,55.22900390625,49.7012825012207
2005-07-26,55.22900390625,49.7012825012207
2005-07-27,55.22900390625,49.7012825012207
2005-07-28,51.28407287597656,47.92623519897461
2005-07-29,55.22900390625,49.7012825012207
2005-08-01,54.24277114868164,49.7012825012207
2005-08-02,51.28407287597656,48.81375503540039
2005-08-03,50.2978401184082,47.92623519897461
2005-08-04,53.25653839111328,47.92623519897461
2005-08-05,53.25653839111328,47.92623519897461
2005-08-08,53.25653839111328,47.92623519897461
2005-08-09,51.28407287597656,49.7012825012207
2005-08-10,55.22900390625,49.7012825012207
2005-08-11,55.22900390625,49.7012825012207
2005-08-12,55.22900390625,49.7012825012207
2005-08-15,55.22900390625,49.7012825012207
2005-08-16,55.22900390625,49.7012825012207
2005-08-17,55.22900390625,49.7012825012207
2005-08-18,55.22900390625,49.7012825012207
2005-08-19,55.22900390625,49.7012825012207
2005-08-22,55.22900390625,49.7012825012207
2005-08-23,55.22900390625,49.7012825012207
2005-08-24,55.22900390625,49.7012825012207
2005-08-25,55.22900390625,49.7012825012207
2005-08-26,55.22900390625,49.7012825012207
2005-08-29,55.22900390625,49.7012825012207
2005-08-30,54.24277114868164,48.81375503540039
2005-08-31,54.24277114868164,48.81375503540039
2005-09-01,54.24277114868164,48.81375503540039
2005-09-02,54.24277114868164,48.81375503540039
2005-09-05,54.24277114868164,48.81375503540039
2005-09-06,54.24277114868164,49.7012825012207
2005-09-08,55.22900390625,49.7012825012207
2005-09-09,57.20146560668945,51.47632598876953
2005-09-12,57.20146560668945,51.47632598876953
2005-09-13,57.20146560668945,51.47632598876953
2005-09-14,57.20146560668945,51.47632598876953
2005-09-15,57.20146560668945,51.47632598876953
2005-09-16,62.13262939453125,62.1265983581543
2005-09-19,69.0362548828125,62.1265983581543
2005-09-20,62.13262939453125,60.35155487060547
2005-09-21,67.06378936767578,70.11430358886719
2005-09-22,83.8297348022461,67.45173645019531
2005-09-23,74.95364379882812,67.45173645019531
2005-09-26,74.95364379882812,67.45173645019531
2005-09-27,72.9811782836914,65.67668914794922
2005-09-28,72.9811782836914,68.3392562866211
2005-09-29,75.93988037109375,68.3392562866211
2005-09-30,75.93988037109375,68.3392562866211
2005-10-03,74.95364379882812,69.2267837524414
2005-10-04,76.92610931396484,69.2267837524414
2005-10-05,71.99494934082031,68.3392562866211
2005-10-06,73.96741485595703,66.56421661376953
2005-10-07,71.99494934082031,68.3392562866211
2005-10-10,78.89857482910156,79.87705993652344
2005-10-11,98.62322235107422,94.9649429321289
2005-10-13,101.58191680908203,87.8647689819336
2005-10-14,93.69205474853516,97.62751007080078
2005-10-17,109.47177124023438,97.62751007080078
2005-10-18,108.48554229736328,93.18989562988281
2005-10-19,108.48554229736328,97.62751007080078
2005-10-20,104.54061126708984,92.30237579345703
2005-10-21,103.55438232421875,99.4025650024414
2005-10-24,110.4580078125,99.4025650024414
2005-10-25,110.4580078125,97.62751007080078
2005-10-26,110.4580078125,95.85247039794922
2005-10-27,104.54061126708984,94.9649429321289
2005-10-28,105.52684783935547,99.4025650024414
2005-10-31,110.4580078125,100.29007720947266
2005-11-01,112.43047332763672,99.4025650024414
2005-11-03,113.41670227050781,102.06513214111328
2005-11-04,113.41670227050781,99.4025650024414
2005-11-07,108.48554229736328,106.50274658203125
2005-11-08,118.34786224365234,106.50274658203125
2005-11-09,118.34786224365234,106.50274658203125
2005-11-10,123.27902221679688,110.94036102294922
2005-11-11,123.27902221679688,110.0528335571289
2005-11-14,122.29279327392578,106.50274658203125
2005-11-16,118.34786224365234,106.50274658203125
2005-11-17,117.36163330078125,111.82788848876953
2005-11-18,123.27902221679688,125.1407241821289
2005-11-21,138.072509765625,134.90347290039062
2005-11-22,148.9210662841797,128.69082641601562
2005-11-23,141.0312042236328,127.80330657958984
2005-11-24,144.97613525390625,134.01596069335938
2005-11-25,148.9210662841797,142.003662109375
2005-11-28,153.8522186279297,146.4412841796875
2005-11-29,167.6594696044922,148.21630859375
2005-11-30,164.70077514648438,147.32879638671875
2005-12-01,164.70077514648438,150.87889099121094
2005-12-02,169.63194274902344,163.30421447753906
2005-12-05,173.5768585205078,156.20401000976562
2005-12-06,173.5768585205078,156.20401000976562
2005-12-07,174.56309509277344,157.09153747558594
2005-12-08,181.4667205810547,163.30421447753906
2005-12-09,175.54933166503906,157.9790802001953
2005-12-12,186.39788818359375,167.7418212890625
2005-12-13,181.4667205810547,163.30421447753906
2005-12-14,182.4529571533203,164.1917266845703
2005-12-15,177.52178955078125,159.75411987304688
2005-12-16,175.54933166503906,157.9790802001953
2005-12-19,170.6181640625,153.5414581298828
2005-12-20,174.56309509277344,157.09153747558594
2005-12-21,191.32904052734375,172.179443359375
2005-12-22,220.916015625,198.8051300048828
2005-12-23,221.90223693847656,199.69265747070312
2005-12-26,230.77833557128906,207.68035888671875
2005-12-27,251.4892120361328,226.31832885742188
2005-12-28,263.3240051269531,236.9686279296875
2005-12-29,261.3515319824219,235.19357299804688
2006-01-02,260.36529541015625,234.3060302734375
2006-01-03,278.11749267578125,250.2814483642578
2006-01-04,273.1863098144531,245.8438262939453
2006-01-05,277.1312561035156,249.39393615722656
2006-01-06,286.9935607910156,258.2691345214844
2006-01-09,287.97979736328125,262.706787109375
2006-01-10,314.6080627441406,283.11981201171875
2006-01-11,307.7044372558594,289.3324279785156
2006-01-12,325.4566345214844,288.4449157714844
2006-01-13,327.4290771484375,297.3201904296875
2006-01-16,335.3189392089844,301.7577819824219
2006-01-17,310.66314697265625,282.2322692871094
2006-01-18,286.00732421875,258.2691345214844
2006-01-19,301.78704833984375,282.2322692871094
2006-01-20,320.52545166015625,288.4449157714844
2006-01-23,324.47039794921875,284.00732421875
2006-01-24,324.47039794921875,293.7700500488281
2006-01-25,326.44287109375,293.7700500488281
2006-01-26,328.4153137207031,295.54510498046875
2006-01-27,332.9766540527344,274.0226745605469
2006-01-30,305.73199462890625,268.47564697265625
2006-01-31,298.3352355957031,255.162841796875
2006-02-01,279.8433837890625,255.38473510742188
2006-02-02,286.00732421875,266.2568664550781
2006-02-03,295.8696594238281,274.0226745605469
2006-02-06,299.5680236816406,275.13214111328125
2006-02-07,305.73199462890625,276.79620361328125
2006-02-08,307.7044372558594,279.5697021484375
2006-02-09,313.00543212890625,277.23992919921875
2006-02-10,314.23822021484375,288.333984375
2006-02-13,314.9779052734375,283.45257568359375
2006-02-14,305.1156005859375,277.35089111328125
2006-02-15,297.3489990234375,274.0226745605469
2006-02-16,308.19757080078125,288.4449157714844
2006-02-17,318.05987548828125,299.5389709472656
2006-02-20,326.6894226074219,310.5220642089844
2006-02-21,344.0717468261719,320.61761474609375
2006-02-22,358.24884033203125,321.7270202636719
2006-02-23,352.5780029296875,315.07061767578125
2006-02-24,345.79766845703125,310.5220642089844
2006-02-27,345.0579833984375,310.5220642089844
2006-02-28,345.0579833984375,310.5220642089844
2006-03-01,345.1812744140625,326.7193603515625
2006-03-02,363.6731262207031,322.6145935058594
2006-03-03,357.5091857910156,311.9643249511719
2006-03-06,346.5373229980469,316.17999267578125
2006-03-07,351.2219543457031,304.97503662109375
2006-03-08,338.770751953125,299.5389709472656
2006-03-09,337.7845153808594,284.4510803222656
2006-03-10,320.52545166015625,287.89019775390625
2006-03-13,320.52545166015625,276.79620361328125
2006-03-14,302.1568908691406,271.58203125
2006-03-15,302.0335998535156,277.35089111328125
2006-03-16,315.59429931640625,277.35089111328125
2006-03-17,310.66314697265625,285.6714172363281
2006-03-20,317.4434814453125,285.6714172363281
2006-03-21,317.3202209472656,285.00579833984375
2006-03-22,329.1549987792969,299.3171081542969
2006-03-23,332.8533630371094,290.1090087890625
2006-03-24,324.2238464355469,288.4449157714844
2006-03-27,314.36151123046875,286.22613525390625
2006-03-28,310.7864074707031,275.13214111328125
2006-03-29,311.279541015625,277.35089111328125
2006-03-30,313.12872314453125,274.5774230957031
2006-03-31,306.348388671875,287.33551025390625
2006-04-03,321.88153076171875,299.42803955078125
2006-04-04,332.8533630371094,307.7485656738281
2006-04-05,345.1812744140625,317.8441162109375
2006-04-06,356.0298156738281,308.30328369140625
2006-04-07,345.1812744140625,306.19537353515625
2006-04-10,336.5517272949219,293.8809509277344
2006-04-11,330.3877868652344,292.882568359375
2006-04-12,324.8402404785156,279.0150146484375
2006-04-13,308.81396484375,276.5743103027344
2006-04-14,307.3345947265625,276.5743103027344
2006-04-17,310.4165954589844,273.4679870605469
2006-04-18,305.73199462890625,277.35089111328125
2006-04-19,308.19757080078125,267.36627197265625
2006-04-20,297.1024475097656,281.2337951660156
2006-04-21,312.5123291015625,281.2337951660156
2006-04-24,312.5123291015625,275.13214111328125
2006-04-25,311.15625,272.8023376464844
2006-04-26,300.9241027832031,261.8192443847656
2006-04-27,292.1712951660156,248.3954620361328
2006-04-28,283.541748046875,244.06881713867188
2006-05-01,271.2138671875,244.06881713867188
2006-05-02,275.6518859863281,257.15972900390625
2006-05-03,283.541748046875,269.5850524902344
2006-05-04,297.3489990234375,268.47564697265625
2006-05-05,298.3352355957031,277.35089111328125
2006-05-08,308.07427978515625,289.5543518066406
2006-05-09,325.4566345214844,300.75933837890625
2006-05-10,332.8533630371094,300.0936584472656
2006-05-11,332.7300720214844,290.66375732421875
2006-05-12,320.4021911621094,305.0859680175781
2006-05-15,332.2369689941406,293.991943359375
2006-05-16,328.5386047363281,281.78851318359375
2006-05-17,310.53985595703125,276.2414855957031
2006-05-18,308.19757080078125,271.8038330078125
2006-05-19,295.8696594238281,270.6944580078125
2006-05-22,289.5824279785156,248.5063934326172
2006-05-23,277.3778076171875,238.29989624023438
2006-05-24,262.5843200683594,210.7866973876953
2006-05-25,236.81900024414062,208.56788635253906
2006-05-26,243.59934997558594,226.87303161621094
2006-05-29,253.9547882080078,217.44309997558594
2006-05-30,241.5036163330078,201.91146850585938
2006-05-31,231.7645721435547,210.7866973876953
2006-06-01,235.4629364013672,232.97474670410156
2006-06-02,267.88531494140625,237.41236877441406
2006-06-05,265.0498962402344,232.97474670410156
2006-06-06,252.7220001220703,232.97474670410156
2006-06-07,260.1187438964844,220.7713165283203
2006-06-08,242.48983764648438,221.5478973388672
2006-06-09,246.18821716308594,216.22274780273438
2006-06-12,245.32525634765625,201.35675048828125
2006-06-13,218.20387268066406,183.0515899658203
2006-06-14,205.25958251953125,171.9575653076172
2006-06-15,191.08248901367188,171.9575653076172
2006-06-16,194.16445922851562,190.26271057128906
2006-06-19,215.1219024658203,193.5909423828125
2006-06-20,220.66944885253906,189.70799255371094
2006-06-21,210.0674591064453,201.80050659179688
2006-06-22,223.75143432617188,207.45846557617188
2006-06-23,222.02552795410156,212.45077514648438
2006-06-26,234.2301483154297,215.2242889404297
2006-06-27,236.6957244873047,214.66958618164062
2006-06-28,234.2301483154297,213.5601806640625
2006-06-29,239.7777099609375,223.54483032226562
2006-06-30,252.7220001220703,229.6465301513672
2006-07-03,250.2564239501953,242.9593963623047
2006-07-04,271.2138671875,245.17822265625
2006-07-05,268.7482604980469,244.06881713867188
2006-07-06,269.9810791015625,238.41082763671875
2006-07-07,260.1187438964844,236.302978515625
2006-07-10,265.0498962402344,227.427734375
2006-07-11,247.1744384765625,221.769775390625
2006-07-12,246.55804443359375,220.7713165283203
2006-07-13,238.66819763183594,217.33216857910156
2006-07-14,236.6957244873047,217.44309997558594
2006-07-17,243.47607421875,215.77899169921875
2006-07-18,235.4629364013672,209.0116424560547
2006-07-19,238.54490661621094,220.21661376953125
2006-07-20,246.55804443359375,213.5601806640625
2006-07-21,239.1613006591797,205.2396697998047
2006-07-24,233.8603057861328,199.69265747070312
2006-07-25,220.916015625,199.69265747070312
2006-07-26,223.13504028320312,199.69265747070312
2006-07-27,225.4773406982422,195.47691345214844
2006-07-28,220.54617309570312,194.03468322753906
2006-07-31,215.73829650878906,188.4876708984375
2006-08-01,207.1087646484375,181.49844360351562
2006-08-02,204.6431884765625,177.50457763671875
2006-08-03,199.83529663085938,177.3936309814453
2006-08-04,199.5887451171875,177.50457763671875
2006-08-07,208.95794677734375,179.723388671875
2006-08-08,203.65695190429688,186.93450927734375
2006-08-09,213.272705078125,201.35675048828125
2006-08-10,223.25831604003906,208.56788635253906
2006-08-11,234.2301483154297,205.2396697998047
2006-08-14,225.60061645507812,201.91146850585938
2006-08-15,226.58685302734375,209.6772918701172
2006-08-16,232.9973602294922,227.427734375
2006-08-17,258.7626647949219,232.97474670410156
2006-08-18,260.1187438964844,237.41236877441406
2006-08-21,258.8859558105469,236.857666015625
2006-08-22,258.8859558105469,231.8653564453125
2006-08-23,257.6531677246094,217.44309997558594
2006-08-24,241.62689208984375,220.66038513183594
2006-08-25,244.7088623046875,231.8653564453125
2006-08-28,258.8859558105469,235.08261108398438
2006-08-29,260.7351379394531,234.63885498046875
2006-08-30,258.8859558105469,233.19664001464844
2006-08-31,261.8446350097656,244.06881713867188
2006-09-01,273.679443359375,262.92864990234375
2006-09-04,295.2532653808594,266.2568664550781
2006-09-05,292.1712951660156,269.5850524902344
2006-09-06,297.1024475097656,257.38165283203125
2006-09-07,286.00732421875,257.38165283203125
2006-09-08,286.00732421875,257.38165283203125
2006-09-11,286.00732421875,254.05340576171875
2006-09-12,285.8840637207031,260.7098083496094
2006-09-13,295.8696594238281,266.2568664550781
2006-09-14,296.4860534667969,266.2568664550781
2006-09-15,296.9791564941406,264.0380859375
2006-09-18,295.8696594238281,268.47564697265625
2006-09-19,298.3352355957031,260.7098083496094
2006-09-20,288.4729309082031,255.162841796875
2006-09-21,281.076171875,245.73289489746094
2006-09-22,266.8990783691406,239.52024841308594
2006-09-25,261.3515319824219,242.9593963623047
2006-09-26,271.2138671875,255.0518798828125
2006-09-27,283.4184875488281,253.38780212402344
2006-09-28,282.3089599609375,260.1551513671875
2006-09-29,284.7745361328125,260.1551513671875
2006-10-02,289.7057189941406,260.48797607421875
2006-10-03,285.7607727050781,266.2568664550781
2006-10-04,295.8696594238281,269.0303649902344
2006-10-05,301.4172058105469,260.598876953125
2006-10-06,283.541748046875,261.2645568847656
2006-10-09,290.3221130371094,261.2645568847656
2006-10-10,295.8696594238281,279.5697021484375
2006-10-11,309.5536193847656,282.89788818359375
2006-10-12,314.36151123046875,282.89788818359375
2006-10-13,316.4572448730469,282.2322692871094
2006-10-16,314.36151123046875,282.89788818359375
2006-10-17,314.36151123046875,286.22613525390625
2006-10-18,318.05987548828125,285.1167297363281
2006-10-19,319.29266357421875,285.1167297363281
2006-10-20,315.59429931640625,278.4602966308594
2006-10-23,308.19757080078125,291.21844482421875
2006-10-24,323.3608703613281,298.4295654296875
2006-10-25,332.8533630371094,290.66375732421875
2006-10-26,321.88153076171875,281.8994445800781
2006-10-27,312.5123291015625,288.4449157714844
2006-10-30,320.52545166015625,285.1167297363281
2006-10-31,320.52545166015625,292.882568359375
2006-11-01,326.6894226074219,301.6468200683594
2006-11-02,335.1956787109375,301.6468200683594
2006-11-03,335.3189392089844,301.7577819824219
2006-11-06,338.89404296875,302.3124694824219
2006-11-07,337.6612548828125,293.6591491699219
2006-11-08,327.3058166503906,305.0859680175781
2006-11-09,343.948486328125,292.882568359375
2006-11-10,329.1549987792969,281.78851318359375
2006-11-13,314.48480224609375,278.349365234375
2006-11-14,308.81396484375,271.58203125
2006-11-15,301.78704833984375,271.58203125
2006-11-16,307.95098876953125,261.8192443847656
2006-11-17,290.44537353515625,264.0380859375
2006-11-20,293.4040832519531,264.0380859375
2006-11-21,295.8696594238281,280.6791076660156
2006-11-22,315.59429931640625,297.3201904296875
2006-11-23,330.3877868652344,292.882568359375
2006-11-24,322.3746337890625,290.1090087890625
2006-11-27,326.5661315917969,284.56201171875
2006-11-28,312.01922607421875,280.6791076660156
2006-11-29,314.9779052734375,288.4449157714844
2006-11-30,319.9090576171875,290.66375732421875
2006-12-01,322.7444763183594,290.66375732421875
2006-12-04,320.52545166015625,300.0936584472656
2006-12-05,334.0861511230469,298.4295654296875
2006-12-06,329.7713928222656,297.3201904296875
2006-12-07,330.1412353515625,291.21844482421875
2006-12-08,326.0730285644531,293.991943359375
2006-12-11,326.6894226074219,297.4311218261719
2006-12-12,330.2644958496094,296.7654724121094
2006-12-13,332.8533630371094,293.991943359375
2006-12-14,329.1549987792969,293.2154235839844
2006-12-15,323.23760986328125,295.1013488769531
2006-12-18,330.3877868652344,301.2030334472656
2006-12-19,332.7300720214844,297.3201904296875
2006-12-20,330.3877868652344,293.991943359375
2006-12-21,326.6894226074219,293.991943359375
2006-12-22,326.6894226074219,290.55279541015625
2006-12-26,323.6074523925781,291.5512390136719
2006-12-27,323.9772644042969,299.5389709472656
2006-12-28,332.8533630371094,302.8671875
2007-01-02,339.0173034667969,306.30633544921875
2007-01-03,336.5517272949219,293.991943359375
2007-01-04,326.6894226074219,289.5543518066406
2007-01-05,321.6349792480469,288.4449157714844
2007-01-08,327.9222106933594,297.8748779296875
2007-01-09,332.2369689941406,292.10595703125
2007-01-10,319.29266357421875,288.5558776855469
2007-01-11,318.05987548828125,286.78082275390625
2007-01-12,326.6894226074219,288.4449157714844
2007-01-15,322.2513732910156,279.5697021484375
2007-01-16,310.66314697265625,272.35858154296875
2007-01-17,302.5267333984375,266.2568664550781
2007-01-18,298.3352355957031,265.1474304199219
2007-01-19,295.8696594238281,277.35089111328125
2007-01-22,311.89593505859375,268.6975402832031
2007-01-23,301.91033935546875,264.59271240234375
2007-01-24,298.9516296386719,258.4910583496094
2007-01-26,287.2401123046875,269.5850524902344
2007-01-29,299.6913146972656,270.1397705078125
2007-01-30,302.0335998535156,270.1397705078125
2007-01-31,297.7188415527344,262.92864990234375
2007-02-01,295.1299743652344,279.458740234375
2007-02-02,309.43035888671875,273.4679870605469
2007-02-05,306.348388671875,271.8038330078125
2007-02-06,303.2663879394531,264.14898681640625
2007-02-07,295.2532653808594,264.0380859375
2007-02-08,293.4040832519531,261.8192443847656
2007-02-09,292.1712951660156,255.0518798828125
2007-02-12,286.00732421875,250.17050170898438
2007-02-13,276.2682800292969,249.50482177734375
2007-02-14,276.2682800292969,250.72518920898438
2007-02-15,286.00732421875,271.8038330078125
2007-02-16,303.2663879394531,276.2414855957031
2007-02-21,305.73199462890625,272.91326904296875
2007-02-22,305.73199462890625,271.9148254394531
2007-02-23,302.1568908691406,266.2568664550781
2007-02-26,295.9929504394531,266.2568664550781
2007-02-27,287.8565368652344,254.83001708984375
2007-02-28,289.21258544921875,251.83462524414062
2007-03-01,274.9122314453125,250.72518920898438
2007-03-02,277.3778076171875,230.75595092773438
2007-03-05,252.7220001220703,232.97474670410156
2007-03-06,260.2420349121094,243.95785522460938
2007-03-07,272.4466552734375,246.5094757080078
2007-03-08,280.58306884765625,251.83462524414062
2007-03-09,280.0899353027344,250.17050170898438
2007-03-12,276.76141357421875,245.17822265625
2007-03-13,274.17254638671875,234.63885498046875
2007-03-14,258.8859558105469,233.4185028076172
2007-03-15,259.00921630859375,228.53712463378906
2007-03-16,253.9547882080078,231.3106689453125
2007-03-19,253.9547882080078,226.31832885742188
2007-03-20,253.83151245117188,239.6311798095703
2007-03-21,268.3784484863281,253.49868774414062
2007-03-22,285.0211181640625,264.59271240234375
2007-03-23,294.0204772949219,261.7082824707031
2007-03-26,288.3496398925781,269.6960144042969
2007-03-27,299.5680236816406,266.2568664550781
2007-03-28,293.4040832519531,261.2645568847656
2007-03-29,297.1024475097656,254.6081085205078
2007-03-30,290.9385070800781,260.7098083496094
2007-04-02,287.7332458496094,262.92864990234375
2007-04-03,294.6368713378906,276.2414855957031
2007-04-04,307.5811767578125,282.89788818359375
2007-04-05,311.89593505859375,276.2414855957031
2007-04-09,306.96478271484375,275.6867980957031
2007-04-10,307.5811767578125,274.1336364746094
2007-04-11,303.2663879394531,272.91326904296875
2007-04-12,303.2663879394531,271.8038330078125
2007-04-13,298.3352355957031,271.8038330078125
2007-04-16,302.0335998535156,280.6791076660156
2007-04-17,311.89593505859375,279.68060302734375
2007-04-18,309.43035888671875,291.773193359375
2007-04-19,320.52545166015625,303.9765625
2007-04-20,341.48291015625,310.63299560546875
2007-04-23,345.1812744140625,300.6484069824219
2007-04-24,331.0041809082031,302.3124694824219
2007-04-25,339.0173034667969,316.17999267578125
2007-04-26,351.34521484375,327.2740478515625
2007-04-27,352.9478454589844,318.3988342285156
2007-04-30,350.85211181640625,307.4157409667969
2007-05-02,341.6061706542969,331.711669921875
2007-05-03,366.2619934082031,342.80572509765625
2007-05-04,385.86334228515625,332.8210754394531
2007-05-07,372.3026428222656,331.1569519042969
2007-05-08,366.0154113769531,332.2663879394531
2007-05-09,369.2206726074219,348.2417907714844
2007-05-10,376.617431640625,348.3527526855469
2007-05-11,393.8764953613281,360.5561828613281
2007-05-14,399.9171447753906,359.44677734375
2007-05-15,403.1224060058594,360.5561828613281
2007-05-16,404.108642578125,366.1031799316406
2007-05-17,418.9021301269531,376.08782958984375
2007-05-18,416.68310546875,381.63482666015625
2007-05-21,425.92901611328125,387.29278564453125
2007-05-22,437.6405334472656,376.08782958984375
2007-05-23,419.148681640625,381.52392578125
2007-05-24,424.69622802734375,377.1972351074219
2007-05-25,419.148681640625,397.7211608886719
2007-05-28,442.5716857910156,399.38531494140625
2007-05-29,443.8044738769531,393.8382873535156
2007-05-30,427.7782287597656,399.38531494140625
2007-05-31,443.8044738769531,409.2590026855469
2007-06-01,461.06353759765625,411.5887451171875
2007-06-04,456.0091247558594,423.7921447753906
2007-06-05,478.1993408203125,421.5733947753906
2007-06-06,468.0904541015625,410.4793395996094
2007-06-08,449.96844482421875,421.0186767578125
2007-06-11,473.3914489746094,433.7768249511719
2007-06-12,477.0898132324219,442.0973205566406
2007-06-13,493.1160888671875,457.0742492675781
2007-06-14,514.0735473632812,465.9494934082031
2007-06-15,521.4702758789062,465.9494934082031
2007-06-18,523.3194580078125,466.5042419433594
2007-06-19,519.0046997070312,458.29461669921875
2007-06-20,511.8545227050781,468.7229919433594
2007-06-21,525.0453491210938,486.91729736328125
2007-06-22,536.2637329101562,473.71533203125
2007-06-25,526.4014282226562,473.16058349609375
2007-06-26,534.90771484375,473.6043701171875
2007-06-27,522.7030639648438,471.3855895996094
2007-06-28,527.6342163085938,459.2930603027344
2007-06-29,510.4984436035156,453.7460632324219
2007-07-02,507.9095764160156,477.04351806640625
2007-07-03,536.880126953125,491.3548278808594
2007-07-04,544.893310546875,496.4580993652344
2007-07-05,567.08349609375,510.32568359375
2007-07-06,576.9458618164062,524.7479248046875
2007-07-10,591.6160278320312,503.66925048828125
2007-07-11,564.49462890625,498.1222229003906
2007-07-12,554.3858032226562,510.32568359375
2007-07-13,567.08349609375,525.8572998046875
2007-07-16,561.4126586914062,526.4119873046875
2007-07-17,584.958984375,536.84033203125
2007-07-18,596.0540771484375,540.834228515625
2007-07-19,606.5327758789062,555.811279296875
2007-07-20,622.435791015625,557.6972045898438
2007-07-23,653.2555541992188,582.325927734375
2007-07-24,647.2149047851562,561.9129028320312
2007-07-25,627.490234375,552.4829711914062
2007-07-26,604.0671997070312,532.4027709960938
2007-07-27,574.480224609375,514.7633056640625
2007-07-30,579.4114379882812,526.8557739257812
2007-07-31,588.0409545898438,530.2948608398438
2007-08-01,585.5753784179688,508.3287658691406
2007-08-02,579.4114379882812,504.7786865234375
2007-08-03,560.9195556640625,493.57366943359375
2007-08-06,563.3851318359375,501.45037841796875
2007-08-07,554.755615234375,516.9821166992188
2007-08-08,591.6160278320312,519.9774780273438
2007-08-09,575.5897827148438,502.4488525390625
2007-08-10,542.427734375,501.45037841796875
2007-08-13,560.9195556640625,499.2315673828125
2007-08-14,569.549072265625,483.699951171875
2007-08-15,538.6060791015625,441.5426330566406
2007-08-16,475.2406311035156,421.5733947753906
2007-08-17,488.1849365234375,437.10504150390625
2007-08-20,486.828857421875,443.6505126953125
2007-08-21,493.1160888671875,443.2066955566406
2007-08-22,501.7456359863281,465.83856201171875
2007-08-23,517.155517578125,467.6136474609375
2007-08-24,520.8538818359375,491.3548278808594
2007-08-27,546.0028076171875,474.8247375488281
2007-08-28,527.6342163085938,445.86932373046875
2007-08-29,505.4440002441406,464.5072326660156
2007-08-30,507.9095764160156,468.057373046875
2007-08-31,530.0997924804688,488.13763427734375
2007-09-03,554.63232421875,506.99737548828125
2007-09-04,567.08349609375,510.21466064453125
2007-09-05,564.3713989257812,510.21466064453125
2007-09-06,573.2474365234375,504.7786865234375
2007-09-10,551.7969360351562,478.1529235839844
2007-09-11,532.072265625,484.8092956542969
2007-09-12,535.0309448242188,485.9187927246094
2007-09-13,546.0028076171875,488.13763427734375
2007-09-14,530.2230834960938,485.6968688964844
2007-09-17,533.7981567382812,467.6136474609375
2007-09-18,519.62109375,499.0096435546875
2007-09-19,554.3858032226562,514.65234375
2007-09-20,567.08349609375,506.99737548828125
2007-09-21,567.330078125,515.3179321289062
2007-09-24,573.3707275390625,529.1854248046875
2007-09-25,570.7818603515625,551.92822265625
2007-09-26,613.4364013671875,574.1163330078125
2007-09-27,638.7086181640625,576.8898315429688
2007-09-28,631.1885986328125,571.3428344726562
2007-10-01,640.9276733398438,582.325927734375
2007-10-02,641.0509033203125,565.7957763671875
2007-10-03,635.2568359375,556.9205932617188
2007-10-04,625.024658203125,596.3045043945312
2007-10-05,678.0346069335938,603.404541015625
2007-10-08,678.0346069335938,621.1550903320312
2007-10-09,699.4851684570312,612.3907470703125
2007-10-10,682.71923828125,600.1873168945312
2007-10-11,671.8706665039062,595.749755859375
2007-10-15,662.0083618164062,594.5293579101562
2007-10-16,647.2149047851562,582.2149658203125
2007-10-17,641.0509033203125,592.4215698242188
2007-10-18,658.0634155273438,585.76513671875
2007-10-19,657.0772094726562,579.663330078125
2007-10-22,637.9689331054688,571.2318115234375
2007-10-23,644.5027465820312,577.999267578125
2007-10-24,649.0640869140625,605.734375
2007-10-25,684.1986083984375,608.95166015625
2007-10-26,678.1578979492188,612.9454956054688
2007-10-29,686.5408935546875,605.8452758789062
2007-10-30,673.7198486328125,613.611083984375
2007-10-31,690.9789428710938,647.8916625976562
2007-11-01,714.4019775390625,640.6805419921875
2007-11-05,702.6904296875,641.2352294921875
2007-11-06,712.79931640625,659.5404663085938
2007-11-07,732.893798828125,643.56494140625
2007-11-08,714.8950805664062,629.5865478515625
2007-11-09,692.3350219726562,621.2659912109375
2007-11-12,673.8431396484375,601.2968139648438
2007-11-13,679.1441650390625,605.734375
2007-11-14,695.17041015625,607.953125
2007-11-16,664.4739379882812,595.749755859375
2007-11-19,665.09033203125,576.2242431640625
2007-11-21,639.5715942382812,543.607666015625
2007-11-22,609.4915161132812,546.9359741210938
2007-11-23,616.3951416015625,551.92822265625
2007-11-26,613.3131713867188,521.4196166992188
2007-11-27,567.08349609375,523.6384887695312
2007-11-28,591.7393188476562,565.7957763671875
2007-11-29,628.7230224609375,554.7017822265625
2007-11-30,634.763671875,582.99169921875
2007-12-03,658.9263916015625,581.3275146484375
2007-12-04,641.0509033203125,568.0146484375
2007-12-05,583.3563232421875,554.7017822265625
2007-12-06,623.1754760742188,576.8898315429688
2007-12-07,623.1754760742188,582.4368896484375
2007-12-10,647.2149047851562,571.3428344726562
2007-12-11,638.5853271484375,568.0146484375
2007-12-12,630.4489135742188,565.7957763671875
2007-12-13,612.8200073242188,553.5924072265625
2007-12-14,620.7098999023438,550.2642822265625
2007-12-17,609.6148071289062,538.0607299804688
2007-12-18,604.1904907226562,524.1931762695312
2007-12-19,583.6029052734375,514.7633056640625
2007-12-20,573.1242065429688,502.559814453125
2007-12-21,564.617919921875,488.13763427734375
2007-12-26,551.0572509765625,502.7817687988281
2007-12-27,559.3169555664062,503.66925048828125
2007-12-28,562.029052734375,504.7786865234375
2008-01-02,559.686767578125,477.04351806640625
2008-01-03,536.2637329101562,482.70147705078125
2008-01-04,544.893310546875,475.93414306640625
2008-01-07,533.0585327148438,484.8092956542969
2008-01-08,542.427734375,487.0281982421875
2008-01-09,536.2637329101562,455.4101867675781
2008-01-10,505.4440002441406,454.85546875
2008-01-11,504.0879211425781,469.1667785644531
2008-01-14,524.55224609375,475.93414306640625
2008-01-15,523.9358520507812,443.7614440917969
2008-01-16,465.3783264160156,400.60565185546875
2008-01-17,448.2425231933594,382.7442321777344
2008-01-18,441.21563720703125,392.7288818359375
2008-01-21,424.5729675292969,372.75958251953125
2008-01-22,409.286376953125,388.291259765625
2008-01-23,429.0110168457031,374.9784240722656
2008-01-24,441.3388977050781,397.7211608886719
2008-01-28,431.3533020019531,410.5903015136719
2008-01-29,468.4602966308594,427.120361328125
2008-01-30,480.7882080078125,442.65203857421875
2008-01-31,486.9521484375,414.91693115234375
2008-02-01,478.1993408203125,413.8074951171875
2008-02-06,451.07794189453125,394.94769287109375
2008-02-07,437.6405334472656,378.306640625
2008-02-08,425.3126220703125,377.1972351074219
2008-02-11,426.4221496582031,382.1895446777344
2008-02-12,431.599853515625,432.66741943359375
2008-02-13,493.2393798828125,461.51190185546875
2008-02-14,517.7719116210938,474.8247375488281
2008-02-15,492.9928283691406,419.3545837402344
2008-02-18,475.8570251464844,428.0079040527344
2008-02-19,480.7882080078125,440.5441589355469
2008-02-20,480.4183654785156,437.2159729003906
2008-02-21,492.74627685546875,419.0217590332031
2008-02-22,468.4602966308594,412.6981201171875
2008-02-25,462.2963562011719,410.368408203125
2008-02-26,453.66680908203125,412.6981201171875
2008-02-27,457.7350158691406,421.5733947753906
2008-02-28,505.4440002441406,452.08197021484375
2008-02-29,495.08856201171875,431.0032958984375
2008-03-03,483.2537841796875,445.4255065917969
2008-03-04,491.88330078125,435.77374267578125
2008-03-05,493.1160888671875,440.4332275390625
2008-03-06,488.1849365234375,437.10504150390625
2008-03-07,479.555419921875,422.6827697753906
2008-03-10,472.7750549316406,395.5023498535156
2008-03-11,449.84515380859375,391.6194763183594
2008-03-12,441.21563720703125,384.96307373046875
2008-03-13,416.1899719238281,399.607177734375
2008-03-14,447.7494201660156,392.2851257324219
2008-03-17,436.654296875,392.7288818359375
2008-03-18,453.1737060546875,406.0417175292969
2008-03-19,443.8044738769531,386.97344970703125
2008-03-20,426.2988586425781,381.14080810546875
2008-03-24,424.079833984375,396.8441162109375
2008-03-25,443.8044738769531,406.9390563964844
2008-03-26,445.03729248046875,403.5740661621094
2008-03-27,445.03729248046875,385.851806640625
2008-03-28,424.81951904296875,352.2019348144531
2008-03-31,393.2601013183594,336.7229919433594
2008-04-01,373.0423278808594,338.7419738769531
2008-04-02,376.00103759765625,364.54022216796875
2008-04-03,399.4240417480469,378.00018310546875
2008-04-04,414.217529296875,378.00018310546875
2008-04-07,417.6693420410156,381.5894775390625
2008-04-08,419.148681640625,374.63519287109375
2008-04-09,415.4503173828125,356.6886291503906
2008-04-10,394.4928894042969,334.4796447753906
2008-04-11,369.59051513671875,330.666015625
2008-04-14,365.1524658203125,326.4037170410156
2008-04-15,364.9059143066406,310.7004699707031
2008-04-16,347.6468505859375,322.81439208984375
2008-04-17,348.879638671875,315.1871032714844
2008-04-18,352.3314514160156,319.6737060546875
2008-04-22,356.2763671875,334.9283447265625
2008-04-23,369.8370666503906,333.1336669921875
2008-04-24,368.6042785644531,343.4530029296875
2008-04-25,378.46661376953125,340.9853210449219
2008-04-28,369.59051513671875,336.7229919433594
2008-04-29,368.850830078125,340.9853210449219
2008-04-30,374.76824951171875,368.5782165527344
2008-05-02,436.4077453613281,423.98834228515625
2008-05-05,468.4602966308594,444.6269226074219
2008-05-06,488.67803955078125,422.19366455078125
2008-05-07,468.4602966308594,404.92010498046875
2008-05-08,452.6805725097656,407.16339111328125
2008-05-09,448.73565673828125,403.79840087890625
2008-05-12,450.4615478515625,425.5586242675781
2008-05-13,467.2275085449219,422.19366455078125
2008-05-14,468.4602966308594,417.2583312988281
2008-05-15,456.3789367675781,410.7527160644531
2008-05-16,394.4928894042969,349.50994873046875
2008-05-19,387.09613037109375,330.8903503417969
2008-05-20,366.6318054199219,349.7342834472656
2008-05-21,390.5479431152344,351.08026123046875
2008-05-23,389.56170654296875,363.4185791015625
2008-05-26,398.1912536621094,357.8102722167969
2008-05-27,392.27386474609375,346.8179626464844
2008-05-28,384.8771057128906,367.00787353515625
2008-05-29,395.7256774902344,357.8102722167969
2008-05-30,396.9584655761719,356.6886291503906
2008-06-02,391.7807312011719,349.9586181640625
2008-06-03,384.63055419921875,332.2363586425781
2008-06-04,369.8370666503906,333.1336669921875
2008-06-05,370.0836181640625,347.71527099609375
2008-06-06,381.42529296875,334.2553405761719
2008-06-09,369.59051513671875,333.3580017089844
2008-06-10,358.0022888183594,327.74969482421875
2008-06-11,360.71441650390625,327.5253601074219
2008-06-12,360.4678649902344,330.8903503417969
2008-06-13,365.6455993652344,334.2553405761719
2008-06-16,368.35772705078125,328.6470642089844
2008-06-17,368.6042785644531,329.7687072753906
2008-06-18,363.6731262207031,314.2897644042969
2008-06-19,350.3589782714844,297.240478515625
2008-06-20,327.9222106933594,291.6321716308594
2008-06-23,325.4566345214844,287.1455078125
2008-06-24,311.6493835449219,275.480224609375
2008-06-25,307.4578857421875,291.4078369140625
2008-06-26,313.868408203125,272.115234375
2008-06-27,303.759521484375,273.2369384765625
2008-06-30,300.0611572265625,269.1989440917969
2008-07-01,290.6919250488281,252.3739776611328
2008-07-02,283.2951965332031,241.1573486328125
2008-07-03,262.0912170410156,231.06240844726562
2008-07-04,252.47544860839844,226.57577514648438
2008-07-07,251.4892120361328,229.7164306640625
2008-07-08,245.32525634765625,244.2980499267578
2008-07-10,257.6531677246094,242.9520263671875
2008-07-11,265.0498962402344,244.2980499267578
2008-07-14,270.2276306152344,255.29034423828125
2008-07-15,271.4604187011719,271.4422302246094
2008-07-16,304.4991760253906,290.9591979980469
2008-07-17,304.9923095703125,274.3586120605469
2008-07-18,301.2939453125,255.73899841308594
2008-07-21,281.3227233886719,251.2523651123047
2008-07-22,269.9810791015625,247.66302490234375
2008-07-23,272.6932067871094,251.2523651123047
2008-07-24,274.6656799316406,255.29034423828125
2008-07-25,275.8984680175781,254.61734008789062
2008-07-28,281.3227233886719,254.39300537109375
2008-07-29,278.610595703125,259.1039733886719
2008-07-30,286.74700927734375,280.1911926269531
2008-07-31,300.8008117675781,281.5372619628906
2008-08-01,308.19757080078125,273.6855773925781
2008-08-04,298.828369140625,269.1989440917969
2008-08-05,300.8008117675781,277.0505676269531
2008-08-06,307.2113342285156,294.5484924316406
2008-08-07,322.9910583496094,280.639892578125
2008-08-08,305.73199462890625,286.9211730957031
2008-08-11,313.12872314453125,274.3586120605469
2008-08-12,303.2663879394531,285.12652587890625
2008-08-13,315.59429931640625,292.9781799316406
2008-08-14,321.5116882324219,279.9668884277344
2008-08-15,314.36151123046875,271.66656494140625
2008-08-18,293.650634765625,255.73899841308594
2008-08-19,279.5968322753906,242.27903747558594
2008-08-20,271.4604187011719,243.17636108398438
2008-08-21,273.679443359375,247.43869018554688
2008-08-22,272.6932067871094,237.79238891601562
2008-08-25,262.5843200683594,228.59475708007812
2008-08-26,252.9685516357422,226.3514404296875
2008-08-27,251.24264526367188,235.549072265625
2008-08-28,261.59808349609375,231.73541259765625
2008-08-29,253.9547882080078,224.3324432373047
2008-09-01,248.530517578125,233.75439453125
2008-09-02,255.1875762939453,230.16506958007812
2008-09-03,253.70823669433594,210.64816284179688
2008-09-04,233.490478515625,187.9906005859375
2008-09-05,197.24644470214844,190.00958251953125
2008-09-08,218.20387268066406,185.0742645263672
2008-09-09,201.93104553222656,167.12767028808594
2008-09-10,187.3841094970703,171.38998413085938
2008-09-11,181.4667205810547,180.58761596679688
2008-09-12,199.71202087402344,197.18821716308594
2008-09-15,195.0274200439453,182.8309326171875
2008-09-16,199.71202087402344,175.427978515625
2008-09-17,189.60313415527344,146.26475524902344
2008-09-18,164.4542236328125,148.28375244140625
2008-09-19,184.9185333251953,173.85763549804688
2008-09-22,196.5067596435547,167.12767028808594
2008-09-23,179.9873809814453,157.03271484375
2008-09-24,173.82342529296875,144.69442749023438
2008-09-25,165.1938934326172,150.302734375
2008-09-26,154.09878540039062,148.05943298339844
2008-09-29,152.86599731445312,116.877197265625
2008-09-30,133.14134216308594,121.13951873779297
2008-10-01,133.14134216308594,111.94188690185547
2008-10-02,124.5118179321289,101.39825439453125
2008-10-03,115.88228607177734,104.31458282470703
2008-10-06,98.8697738647461,83.00300598144531
2008-10-07,81.3641586303711,75.1513671875
2008-10-08,79.88481140136719,71.786376953125
2008-10-09,80.37792205810547,69.76737976074219
2008-10-10,74.70709228515625,76.27302551269531
2008-10-13,91.71959686279297,87.48965454101562
2008-10-14,103.55438232421875,85.24632263183594
2008-10-15,91.96614837646484,71.56204223632812
2008-10-16,78.15889739990234,76.27302551269531
2008-10-17,84.3228530883789,81.88134002685547
2008-10-20,96.15763854980469,90.181640625
2008-10-21,101.58191680908203,100.94960021972656
2008-10-22,103.55438232421875,89.73297882080078
2008-10-23,95.91107940673828,91.30330657958984
2008-10-24,91.22647857666016,85.24632263183594
2008-10-27,97.39042663574219,85.24632263183594
2008-10-28,99.3628921508789,94.2196273803711
2008-10-29,107.49930572509766,97.36028289794922
2008-10-30,113.1701431274414,100.72526550292969
2008-10-31,106.26651763916016,98.93061065673828
2008-11-03,109.96488952636719,96.01428985595703
2008-11-04,109.71833038330078,98.70626831054688
2008-11-05,107.99242401123047,89.73297882080078
2008-11-06,93.69205474853516,81.88134002685547
2008-11-07,89.99369049072266,83.67599487304688
2008-11-10,100.10256958007812,76.04869842529297
2008-11-11,82.5969467163086,76.27302551269531
2008-11-12,84.0762939453125,68.42139434814453
2008-11-13,74.70709228515625,71.33771514892578
2008-11-14,78.15889739990234,74.02971649169922
2008-11-17,74.95364379882812,68.19705963134766
2008-11-18,73.72085571289062,65.72941589355469
2008-11-19,72.9811782836914,64.38341522216797
2008-11-21,70.5156021118164,56.98044204711914
2008-11-24,66.07756042480469,61.018428802490234
2008-11-25,65.33788299560547,65.9537353515625
2008-11-26,71.00872039794922,71.33771514892578
2008-11-27,77.66578674316406,71.33771514892578
2008-11-28,78.89857482910156,77.17035675048828
2008-12-01,79.14513397216797,69.54306030273438
2008-12-02,77.17266845703125,68.6457290649414
2008-12-03,76.43299865722656,67.74839782714844
2008-12-04,75.20020294189453,66.85105895996094
2008-12-05,73.22773742675781,68.19705963134766
2008-12-08,78.65201568603516,68.87005615234375
2008-12-09,77.66578674316406,67.29973602294922
2008-12-10,76.43299865722656,67.74839782714844
2008-12-11,75.93988037109375,76.49736022949219
2008-12-12,80.62448120117188,80.53534698486328
2008-12-15,91.22647857666016,82.10568237304688
2008-12-16,91.22647857666016,85.24632263183594
2008-12-17,96.15763854980469,79.86234283447266
2008-12-18,91.22647857666016,80.75968170166016
2008-12-19,88.26778411865234,81.88134002685547
2008-12-22,89.50057220458984,81.88134002685547
2008-12-23,88.76089477539062,78.516357421875
2008-12-26,86.29531860351562,81.20834350585938
2008-12-29,91.22647857666016,84.12466430664062
2008-12-30,93.19894409179688,84.79766082763672
2009-01-02,93.19894409179688,87.26531982421875
2009-01-05,95.91107940673828,100.50093078613281
2009-01-06,108.9786605834961,113.7365493774414
2009-01-07,122.04623413085938,105.2119140625
2009-01-08,113.41670227050781,111.7175521850586
2009-01-09,123.27902221679688,111.04456329345703
2009-01-12,123.27902221679688,103.19292449951172
2009-01-13,108.73210144042969,99.60359954833984
2009-01-14,109.71833038330078,91.97630310058594
2009-01-15,101.08879852294922,96.6872787475586
2009-01-16,109.71833038330078,100.94960021972656
2009-01-19,112.18391418457031,101.84693145751953
2009-01-20,112.43047332763672,95.3412857055664
2009-01-21,108.73210144042969,99.60359954833984
2009-01-22,110.95111846923828,92.87364196777344
2009-01-23,99.3628921508789,94.2196273803711
2009-01-26,104.78717041015625,93.546630859375
2009-01-27,103.55438232421875,96.01428985595703
2009-01-28,108.48554229736328,103.41725158691406
2009-01-29,113.1701431274414,103.19292449951172
2009-01-30,113.66326141357422,100.72526550292969
2009-02-02,108.48554229736328,100.94960021972656
2009-02-03,109.71833038330078,107.45523834228516
2009-02-04,113.41670227050781,89.50865173339844
2009-02-05,98.62322235107422,84.79766082763672
2009-02-06,95.41796875,85.0219955444336
2009-02-09,93.93861389160156,85.69499206542969
2009-02-10,95.1714096069336,83.22733306884766
2009-02-11,93.19894409179688,82.33000183105469
2009-02-12,89.99369049072266,84.57332611083984
2009-02-13,96.15763854980469,86.36799621582031
2009-02-16,94.92485046386719,84.12466430664062
2009-02-17,91.47303771972656,82.5543441772461
2009-02-18,90.73336029052734,79.86234283447266
2009-02-19,89.00745391845703,78.74069213867188
2009-02-20,84.56941223144531,76.94602966308594
2009-02-25,83.33661651611328,74.4783706665039
2009-02-26,83.8297348022461,72.45938110351562
2009-02-27,78.15889739990234,74.02971649169922
2009-03-02,77.66578674316406,69.54306030273438
2009-03-03,77.66578674316406,73.13237762451172
2009-03-04,83.58317565917969,76.04869842529297
2009-03-05,81.3641586303711,77.39469909667969
2009-03-06,84.3228530883789,73.58103942871094
2009-03-09,79.88481140136719,74.70269775390625
2009-03-10,85.30908203125,76.7217025756836
2009-03-11,85.30908203125,76.04869842529297
2009-03-12,84.3228530883789,77.17035675048828
2009-03-13,85.30908203125,74.92704010009766
2009-03-16,83.33661651611328,74.02971649169922
2009-03-17,81.85726928710938,76.7217025756836
2009-03-18,83.58317565917969,78.96501159667969
2009-03-19,88.76089477539062,79.41368865966797
2009-03-20,88.76089477539062,78.29202270507812
2009-03-23,89.25401306152344,85.0219955444336
2009-03-24,92.45926666259766,80.75968170166016
2009-03-25,92.45926666259766,79.1893539428711
2009-03-26,92.45926666259766,83.67599487304688
2009-03-27,91.96614837646484,86.14366149902344
2009-03-30,92.21270751953125,83.00300598144531
2009-03-31,92.70582580566406,83.00300598144531
2009-04-01,90.73336029052734,88.61131286621094
2009-04-02,99.60945129394531,94.89261627197266
2009-04-03,103.30782318115234,95.56562805175781
2009-04-06,103.55438232421875,100.276611328125
2009-04-07,109.47177124023438,102.96858978271484
2009-04-08,113.90982055664062,110.59589385986328
2009-04-09,124.75836944580078,106.10924530029297
2009-04-13,114.64949035644531,112.16622161865234
2009-04-14,122.04623413085938,112.16622161865234
2009-04-15,126.23772430419922,115.75554656982422
2009-04-16,131.41543579101562,116.65287780761719
2009-04-17,128.4567413330078,115.75554656982422
2009-04-20,125.7446060180664,111.49322509765625
2009-04-22,123.03246307373047,117.1015396118164
2009-04-23,130.42921447753906,123.15850830078125
2009-04-24,136.3466033935547,142.45111083984375
2009-04-27,149.16761779785156,149.1810760498047
2009-04-28,160.50929260253906,146.26475524902344
2009-04-29,163.46798706054688,159.7246856689453
2009-04-30,183.6857452392578,169.37098693847656
2009-05-04,193.7946319580078,186.48153686523438
2009-05-05,204.6431884765625,178.9307403564453
2009-05-06,201.43792724609375,179.6171875
2009-05-07,198.232666015625,173.21044921875
2009-05-08,192.0687255859375,178.70191955566406
2009-05-11,187.3841094970703,173.89688110351562
2009-05-12,190.09625244140625,166.80372619628906
2009-05-13,169.63194274902344,154.21908569335938
2009-05-14,163.9611053466797,162.68511962890625
2009-05-15,182.20639038085938,165.8884735107422
2009-05-18,181.2201690673828,178.01548767089844
2009-05-19,195.76708984375,181.90530395507812
2009-05-20,199.21890258789062,176.41380310058594
2009-05-21,181.2201690673828,167.26133728027344
2009-05-22,185.41165161132812,172.75282287597656
2009-05-25,187.3841094970703,174.35452270507812
2009-05-26,185.65821838378906,183.0493621826172
2009-05-27,197.98611450195312,186.25271606445312
2009-05-28,205.13629150390625,194.26113891601562
2009-05-29,212.0399169921875,185.3374786376953
2009-06-01,208.09498596191406,185.10867309570312
2009-06-02,196.5067596435547,173.89688110351562
2009-06-03,187.3841094970703,162.45631408691406
2009-06-04,179.0011444091797,174.12570190429688
2009-06-05,194.78085327148438,175.95619201660156
2009-06-08,185.90476989746094,175.04095458984375
2009-06-09,191.08248901367188,172.98162841796875
2009-06-10,189.84970092773438,172.98162841796875
2009-06-12,188.12379455566406,173.43927001953125
2009-06-15,183.43919372558594,167.03253173828125
2009-06-16,183.93231201171875,170.2359161376953
2009-06-17,181.71328735351562,172.52401733398438
2009-06-18,185.41165161132812,171.6087646484375
2009-06-19,186.89100646972656,172.06639099121094
2009-06-22,183.6857452392578,163.60035705566406
2009-06-23,175.54933166503906,165.65966796875
2009-06-24,179.9873809814453,173.89688110351562
2009-06-25,184.9185333251953,179.6171875
2009-06-26,192.8083953857422,183.7357940673828
2009-06-29,198.47923278808594,191.05776977539062
2009-06-30,206.12252807617188,187.62559509277344
2009-07-01,207.6018829345703,193.3459014892578
2009-07-02,203.65695190429688,194.48992919921875
2009-07-03,209.0812225341797,197.69329833984375
2009-07-06,207.6018829345703,197.92210388183594
2009-07-07,211.05369567871094,201.35427856445312
2009-07-08,214.9986114501953,195.86282348632812
2009-07-09,211.05369567871094,195.86282348632812
2009-07-10,210.0674591064453,212.1084442138672
2009-07-13,229.29898071289062,215.54061889648438
2009-07-14,234.2301483154297,224.23545837402344
2009-07-15,246.06492614746094,235.676025390625
2009-07-16,254.6944580078125,231.32862854003906
2009-07-17,250.99609375,230.87100219726562
2009-07-20,252.7220001220703,235.44723510742188
2009-07-21,253.9547882080078,235.44723510742188
2009-07-22,249.0236358642578,235.2184295654297
2009-07-23,252.7220001220703,244.59971618652344
2009-07-24,262.83087158203125,245.97254943847656
2009-07-27,264.06365966796875,244.82852172851562
2009-07-28,262.3377685546875,246.88780212402344
2009-07-29,263.8171081542969,244.82852172851562
2009-07-30,265.54302978515625,245.7437744140625
2009-07-31,263.0774230957031,247.1166229248047
2009-08-03,267.7620544433594,262.9046325683594
2009-08-04,280.8296203613281,256.0403137207031
2009-08-05,279.35028076171875,256.0403137207031
2009-08-06,278.610595703125,250.54881286621094
2009-08-07,275.40533447265625,247.1166229248047
2009-08-10,266.2826843261719,251.69288635253906
2009-08-11,268.9948425292969,244.82852172851562
2009-08-12,264.31024169921875,258.55718994140625
2009-08-13,282.5555114746094,265.6503601074219
2009-08-14,294.39031982421875,272.2859191894531
2009-08-17,278.8571472167969,255.81146240234375
2009-08-18,277.87091064453125,262.447021484375
2009-08-19,277.3778076171875,264.96392822265625
2009-08-20,288.4729309082031,268.8537292480469
2009-08-21,288.9660339355469,298.8280944824219
2009-08-24,332.3602600097656,298.5992431640625
2009-08-25,315.59429931640625,281.4383544921875
2009-08-26,304.4991760253906,294.93829345703125
2009-08-27,321.75823974609375,291.7348937988281
2009-08-28,315.8408508300781,283.0400695800781
2009-08-31,304.4991760253906,273.6587829589844
2009-09-01,297.1024475097656,262.67584228515625
2009-09-02,264.06365966796875,248.48951721191406
2009-09-03,273.1863098144531,253.98097229003906
2009-09-04,275.8984680175781,273.8875732421875
2009-09-08,300.8008117675781,284.41290283203125
2009-09-09,306.96478271484375,277.31976318359375
2009-09-10,295.1299743652344,281.4383544921875
2009-09-11,304.9923095703125,280.2943115234375
2009-09-14,295.8696594238281,284.41290283203125
2009-09-15,309.6769104003906,295.6247253417969
2009-09-16,322.00482177734375,311.18389892578125
2009-09-17,335.0723876953125,304.3195495605469
2009-09-18,328.4153137207031,312.32794189453125
2009-09-21,331.3740234375,320.565185546875
2009-09-22,349.37274169921875,347.10736083984375
2009-09-23,370.0836181640625,330.8616943359375
2009-09-24,362.9334411621094,320.7939758300781
2009-09-25,345.67437744140625,333.8362121582031
2009-09-28,363.17999267578125,338.4125061035156
2009-09-29,366.6318054199219,334.0650634765625
2009-09-30,365.3990173339844,326.056640625
2009-10-01,348.879638671875,304.3195495605469
2009-10-02,310.4165954589844,299.7433166503906
2009-10-05,323.4841613769531,305.463623046875
2009-10-06,332.8533630371094,302.7178955078125
2009-10-07,325.70318603515625,305.9212341308594
2009-10-08,334.33270263671875,311.18389892578125
2009-10-09,332.6068115234375,304.3195495605469
2009-10-13,330.3877868652344,320.33636474609375
2009-10-14,354.55047607421875,322.6244812011719
2009-10-15,345.1812744140625,325.3702392578125
2009-10-16,344.1950378417969,320.33636474609375
2009-10-19,347.8934020996094,317.8194580078125
2009-10-20,332.8533630371094,302.48907470703125
2009-10-21,325.2100524902344,300.88739013671875
2009-10-22,326.6894226074219,296.3111267089844
2009-10-23,325.9497375488281,300.6585693359375
2009-10-26,325.4566345214844,297.22637939453125
2009-10-27,323.9772644042969,275.71807861328125
2009-10-28,294.6368713378906,258.55718994140625
2009-10-29,289.4591369628906,281.8960266113281
2009-10-30,305.73199462890625,269.76898193359375
2009-11-03,280.8296203613281,278.0061950683594
2009-11-04,305.73199462890625,288.302734375
2009-11-05,310.4165954589844,297.68402099609375
2009-11-06,322.9910583496094,294.93829345703125
2009-11-09,326.1962890625,307.7517395019531
2009-11-10,330.1412353515625,308.2093200683594
2009-11-11,336.7983093261719,308.8957824707031
2009-11-12,334.0861511230469,297.4552001953125
2009-11-13,325.2100524902344,299.9721374511719
2009-11-16,329.6481018066406,306.607666015625
2009-11-17,329.8946838378906,302.0314636230469
2009-11-18,327.9222106933594,306.607666015625
2009-11-19,322.4979248046875,313.4720153808594
2009-11-23,340.2501220703125,327.2007141113281
2009-11-24,351.34521484375,324.4549865722656
2009-11-25,350.1124267578125,325.59906005859375
2009-11-26,342.4691162109375,318.7346496582031
2009-11-27,337.5379638671875,319.19232177734375
2009-11-30,342.7156982421875,336.35321044921875
2009-12-01,361.2075500488281,349.8530578613281
2009-12-02,374.76824951171875,359.234375
2009-12-03,389.56170654296875,352.3700256347656
2009-12-04,377.23382568359375,352.59881591796875
2009-12-07,383.39776611328125,361.5224609375
2009-12-08,383.39776611328125,359.234375
2009-12-09,391.04107666015625,361.29364013671875
2009-12-10,390.79449462890625,360.3783874511719
2009-12-11,391.5341796875,359.00555419921875
2009-12-14,391.2876281738281,355.8022155761719
2009-12-15,380.93218994140625,347.56494140625
2009-12-16,374.2751159667969,338.6413269042969
2009-12-17,364.9059143066406,327.2007141113281
2009-12-18,354.7970275878906,326.9718933105469
2009-12-21,356.7695007324219,332.9210510253906
2009-12-22,362.19378662109375,336.35321044921875
2009-12-23,364.65936279296875,336.35321044921875
2009-12-24,362.4403381347656,336.35321044921875
2009-12-28,365.1524658203125,338.4125061035156
2009-12-29,363.17999267578125,338.6413269042969
2009-12-30,364.9059143066406,338.6413269042969
2010-01-04,379.69940185546875,359.234375
2010-01-05,386.3564758300781,352.1412353515625
2010-01-06,380.93218994140625,356.94622802734375
2010-01-07,380.93218994140625,350.0819091796875
2010-01-08,379.69940185546875,346.6496887207031
2010-01-11,377.23382568359375,336.35321044921875
2010-01-12,360.96099853515625,341.158203125
2010-01-13,371.8095397949219,340.9294128417969
2010-01-14,364.9059143066406,333.6074523925781
2010-01-15,358.7419738769531,332.69219970703125
2010-01-18,358.4953918457031,334.0650634765625
2010-01-19,356.7695007324219,329.48883056640625
2010-01-20,351.0986633300781,315.302490234375
2010-01-21,341.48291015625,299.51446533203125
2010-01-22,318.05987548828125,305.9212341308594
2010-01-26,322.9910583496094,305.0059814453125
2010-01-27,324.7169494628906,308.8957824707031
2010-01-28,335.3189392089844,298.5992431640625
2010-01-29,325.4566345214844,299.7433166503906
2010-02-01,325.4566345214844,308.8957824707031
2010-02-02,339.51043701171875,332.9210510253906
2010-02-03,358.988525390625,331.7769775390625
2010-02-04,349.37274169921875,306.3788757324219
2010-02-05,324.9635009765625,306.607666015625
2010-02-08,336.7983093261719,308.8957824707031
2010-02-09,341.7294616699219,323.53973388671875
2010-02-10,348.6330871582031,319.19232177734375
2010-02-11,344.9347229003906,322.1668701171875
2010-02-12,342.4691162109375,311.8703308105469
2010-02-17,344.6881408691406,326.056640625
2010-02-18,349.8658752441406,333.14984130859375
2010-02-19,355.78326416015625,330.1752624511719
2010-02-22,357.01605224609375,332.9210510253906
2010-02-23,354.3039245605469,320.565185546875
2010-02-24,345.67437744140625,320.33636474609375
2010-02-25,332.8533630371094,314.6160583496094
2010-02-26,340.2501220703125,323.08209228515625
2010-03-01,351.34521484375,327.2007141113281
2010-03-02,355.0435791015625,329.48883056640625
2010-03-03,355.2901611328125,323.53973388671875
2010-03-04,350.6055603027344,320.33636474609375
2010-03-05,349.8658752441406,320.33636474609375
2010-03-08,345.9209289550781,314.1584777832031
2010-03-09,339.0173034667969,321.48046875
2010-03-10,346.1675109863281,330.1752624511719
2010-03-11,352.5780029296875,331.7769775390625
2010-03-12,361.7006530761719,325.59906005859375
2010-03-15,347.4002990722656,314.6160583496094
2010-03-16,346.4140625,320.33636474609375
2010-03-17,347.8934020996094,319.19232177734375
2010-03-18,343.948486328125,326.056640625
2010-03-19,352.5780029296875,324.2261657714844
2010-03-22,344.44158935546875,324.9126281738281
2010-03-23,354.3039245605469,314.1584777832031
2010-03-24,337.7845153808594,304.77716064453125
2010-03-25,332.8533630371094,306.3788757324219
2010-03-26,331.6205749511719,295.3958740234375
2010-03-29,322.4979248046875,292.8789367675781
2010-03-30,320.52545166015625,283.955322265625
2010-03-31,307.4578857421875,283.4977111816406
2010-04-01,309.6769104003906,296.7687683105469
2010-04-05,321.26513671875,300.6585693359375
2010-04-06,320.52545166015625,297.9128112792969
2010-04-07,319.29266357421875,288.9891662597656
2010-04-08,310.66314697265625,302.0314636230469
2010-04-09,322.9910583496094,296.3111267089844
2010-04-12,317.3202209472656,292.8789367675781
2010-04-13,318.5530090332031,294.70947265625
2010-04-14,320.0323486328125,292.1925048828125
2010-04-15,314.36151123046875,293.1077575683594
2010-04-16,314.1149597167969,284.6417236328125
2010-04-19,304.7457580566406,285.32818603515625
2010-04-20,311.89593505859375,291.0484619140625
2010-04-22,309.43035888671875,295.1670837402344
2010-04-23,317.3202209472656,293.5653991699219
2010-04-26,318.5530090332031,291.2773132324219
2010-04-27,310.9096984863281,283.955322265625
2010-04-28,309.1838073730469,282.8112487792969
2010-04-29,306.4716491699219,288.07391357421875
2010-04-30,307.7044372558594,294.0230407714844
2010-05-03,317.8133239746094,305.050537109375
2010-05-04,319.29266357421875,302.2625732421875
2010-05-05,318.05987548828125,309.2325134277344
2010-05-06,323.4841613769531,283.4437561035156
2010-05-07,305.73199462890625,282.9791259765625
2010-05-10,318.05987548828125,311.0911560058594
2010-05-11,324.47039794921875,306.6768798828125
2010-05-12,325.9497375488281,321.77838134765625
2010-05-13,337.7845153808594,301.1009216308594
2010-05-14,322.4979248046875,296.2219543457031
2010-05-17,313.621826171875,283.67608642578125
2010-05-18,303.2663879394531,263.46331787109375
2010-05-19,278.610595703125,257.8873596191406
2010-05-20,263.0774230957031,270.6655578613281
2010-05-21,288.4729309082031,289.0196838378906
2010-05-24,303.2663879394531,276.9384765625
2010-05-25,284.7745361328125,276.0091857910156
2010-05-26,298.3352355957031,287.8580627441406
2010-05-27,312.8821716308594,311.323486328125
2010-05-28,327.6756591796875,310.8588562011719
2010-05-31,330.3877868652344,303.19189453125
2010-06-01,318.05987548828125,305.5152282714844
2010-06-02,321.5116882324219,311.0911560058594
2010-06-04,327.9222106933594,302.72723388671875
2010-06-07,323.730712890625,309.6971435546875
2010-06-08,330.3877868652344,320.6167297363281
2010-06-09,338.770751953125,312.0204772949219
2010-06-10,332.8533630371094,322.9400634765625
2010-06-11,339.51043701171875,326.8896484375
2010-06-14,347.4002990722656,322.9400634765625
2010-06-15,345.67437744140625,332.69793701171875
2010-06-16,349.8658752441406,321.77838134765625
2010-06-17,342.7156982421875,321.77838134765625
2010-06-18,341.97601318359375,324.1016845703125
2010-06-21,347.6468505859375,316.8994140625
2010-06-22,337.7845153808594,318.7580871582031
2010-06-23,342.4691162109375,325.9603271484375
2010-06-24,342.7156982421875,312.4851379394531
2010-06-25,331.6205749511719,314.8084411621094
2010-06-28,336.7983093261719,320.6167297363281
2010-06-29,330.63433837890625,301.79791259765625
2010-06-30,319.29266357421875,302.2625732421875
2010-07-01,320.52545166015625,309.6971435546875
2010-07-02,329.40155029296875,320.6167297363281
2010-07-05,338.770751953125,313.8791198730469
2010-07-06,336.7983093261719,321.0813903808594
2010-07-07,341.48291015625,334.55657958984375
2010-07-08,353.0711364746094,338.04156494140625
2010-07-12,357.5091857910156,334.55657958984375
2010-07-13,357.5091857910156,343.61749267578125
2010-07-14,361.2075500488281,351.98138427734375
2010-07-15,374.52166748046875,360.57763671875
2010-07-16,380.93218994140625,358.9513244628906
2010-07-19,379.69940185546875,361.274658203125
2010-07-20,377.23382568359375,345.011474609375
2010-07-21,368.1111755371094,340.1325378417969
2010-07-22,367.6180419921875,350.8197326660156
2010-07-23,372.5492248535156,349.89044189453125
2010-07-26,371.3164367675781,357.557373046875
2010-07-27,384.8771057128906,369.40625
2010-07-28,390.5479431152344,358.2543029785156
2010-07-29,385.1236877441406,370.33551025390625
2010-07-30,386.60302734375,367.7799072265625
2010-08-02,393.7532043457031,371.2648620605469
2010-08-03,392.5204162597656,354.76934814453125
2010-08-04,380.4390563964844,351.05206298828125
2010-08-05,373.5354309082031,355.0016784667969
2010-08-06,378.7131652832031,355.46636962890625
2010-08-09,377.7269287109375,353.14306640625
2010-08-10,372.05609130859375,355.2340087890625
2010-08-11,373.28887939453125,345.2438049316406
2010-08-12,362.6868896484375,348.26409912109375
2010-08-13,373.7820129394531,361.274658203125
2010-08-16,383.39776611328125,359.8806457519531
2010-08-17,383.6443176269531,374.5174865722656
2010-08-18,394.4928894042969,383.3460693359375
2010-08-19,405.5879821777344,377.53778076171875
2010-08-20,399.4240417480469,377.3054504394531
2010-08-23,400.1637268066406,376.1438293457031
2010-08-24,390.79449462890625,372.8912048339844
2010-08-25,390.79449462890625,360.3453063964844
2010-08-26,385.1236877441406,346.1731262207031
2010-08-27,370.82330322265625,355.46636962890625
2010-08-30,377.23382568359375,326.4250183105469
2010-08-31,366.38525390625,352.2137451171875
2010-09-01,374.028564453125,353.14306640625
2010-09-02,381.9184265136719,358.9513244628906
2010-09-03,386.1098937988281,347.1024475097656
2010-09-06,369.8370666503906,351.05206298828125
2010-09-08,368.35772705078125,357.32501220703125
2010-09-09,381.671875,368.9415588378906
2010-09-10,392.5204162597656,375.2145080566406
2010-09-13,399.4240417480469,389.15435791015625
2010-09-14,413.2312927246094,384.5077209472656
2010-09-15,406.8207702636719,392.63934326171875
2010-09-16,415.4503173828125,379.1640930175781
2010-09-17,403.36895751953125,368.0122375488281
2010-09-20,392.27386474609375,380.5581359863281
2010-09-21,399.67059326171875,369.8708801269531
2010-09-22,392.0273132324219,371.72955322265625
2010-09-23,398.6843566894531,388.689697265625
2010-09-24,417.9158935546875,379.1640930175781
2010-09-27,409.5329284667969,383.3460693359375
2010-09-28,408.0535583496094,383.3460693359375
2010-09-29,405.5879821777344,371.72955322265625
2010-09-30,398.6843566894531,376.37615966796875
2010-10-01,397.6981201171875,383.3460693359375
2010-10-04,405.5879821777344,377.7701110839844
2010-10-05,405.8345642089844,392.4070129394531
2010-10-06,415.94342041015625,390.3160095214844
2010-10-07,414.4640808105469,389.15435791015625
2010-10-08,409.5329284667969,394.73028564453125
2010-10-11,420.3814697265625,392.87164306640625
2010-10-13,419.148681640625,419.3573913574219
2010-10-14,450.4615478515625,425.3979797363281
2010-10-15,451.20123291015625,424.4686279296875
2010-10-18,448.9822082519531,425.3979797363281
2010-10-19,442.5716857910156,398.679931640625
2010-10-20,426.54541015625,397.2859191894531
2010-10-21,427.7782287597656,384.7400817871094
2010-10-22,414.217529296875,380.5581359863281
2010-10-25,406.8207702636719,376.8408203125
2010-10-26,396.9584655761719,390.08367919921875
2010-10-27,411.751953125,392.87164306640625
2010-10-28,421.6142578125,387.29571533203125
2010-10-29,414.71063232421875,387.0633850097656
2010-11-01,416.9296569824219,395.6596374511719
2010-11-03,420.3814697265625,400.5385437011719
2010-11-04,430.2438049316406,399.6092529296875
2010-11-05,423.8332824707031,397.2859191894531
2010-11-08,422.6004943847656,393.10394287109375
2010-11-09,417.17620849609375,374.0528259277344
2010-11-10,399.4240417480469,362.6686096191406
2010-11-11,384.8771057128906,371.72955322265625
2010-11-12,389.3151550292969,359.18365478515625
2010-11-16,378.46661376953125,356.6280212402344
2010-11-17,381.1787414550781,361.274658203125
2010-11-18,389.56170654296875,361.5069580078125
2010-11-19,384.63055419921875,357.557373046875
2010-11-22,379.9459533691406,342.6881408691406
2010-11-23,356.2763671875,326.8896484375
2010-11-24,352.5780029296875,343.8498229980469
2010-11-25,367.8646240234375,346.1731262207031
2010-11-26,358.988525390625,336.8799133300781
2010-11-29,357.2626037597656,331.76861572265625
2010-11-30,347.6468505859375,351.98138427734375
2010-12-01,378.46661376953125,358.718994140625
2010-12-02,380.1925048828125,349.1934509277344
2010-12-03,373.5354309082031,345.70849609375
2010-12-06,369.8370666503906,343.1528015136719
2010-12-07,373.7820129394531,345.70849609375
2010-12-08,369.59051513671875,330.8392639160156
2010-12-09,352.8245544433594,325.7279968261719
2010-12-10,348.879638671875,329.90997314453125
2010-12-13,354.3039245605469,338.5062255859375
2010-12-14,358.4953918457031,329.90997314453125
2010-12-15,347.6468505859375,322.9400634765625
2010-12-16,347.6468505859375,313.18212890625
2010-12-17,332.8533630371094,315.7377624511719
2010-12-20,333.5930480957031,307.6061706542969
2010-12-21,330.3877868652344,322.4753723144531
2010-12-22,339.0173034667969,315.040771484375
2010-12-23,335.81207275390625,317.596435546875
2010-12-27,336.30517578125,313.8791198730469
2010-12-28,333.839599609375,327.35430908203125
2010-12-29,347.6468505859375,337.34454345703125
2010-12-30,359.7281799316406,343.61749267578125
2011-01-03,369.8370666503906,344.7791442871094
2011-01-04,365.3990173339844,335.9505615234375
2011-01-05,353.31768798828125,334.55657958984375
2011-01-06,353.810791015625,329.90997314453125
2011-01-07,349.1261901855469,329.21295166015625
2011-01-10,346.1675109863281,326.19268798828125
2011-01-11,349.8658752441406,326.4250183105469
2011-01-12,349.8658752441406,340.1325378417969
2011-01-13,361.2075500488281,339.20318603515625
2011-01-14,358.7419738769531,333.3949279785156
2011-01-17,352.5780029296875,328.2836608886719
2011-01-18,355.0435791015625,342.6881408691406
2011-01-19,363.6731262207031,340.3648681640625
2011-01-20,357.2626037597656,342.455810546875
2011-01-21,365.6455993652344,334.0919189453125
2011-01-24,354.55047607421875,343.8498229980469
2011-01-26,363.17999267578125,325.49566650390625
2011-01-27,346.90716552734375,315.9700927734375
2011-01-28,335.3189392089844,307.14154052734375
2011-01-31,325.4566345214844,304.58587646484375
2011-02-01,324.2238464355469,321.77838134765625
2011-02-02,339.0173034667969,306.6768798828125
2011-02-03,327.9222106933594,299.7069396972656
2011-02-04,322.4979248046875,288.787353515625
2011-02-07,308.9372253417969,290.18133544921875
2011-02-08,307.95098876953125,299.2422790527344
2011-02-09,310.4165954589844,280.88812255859375
2011-02-10,299.8145751953125,283.4437561035156
2011-02-11,301.5404968261719,297.6159362792969
2011-02-14,315.8408508300781,309.4648132324219
2011-02-15,324.47039794921875,301.79791259765625
2011-02-16,322.4979248046875,304.58587646484375
2011-02-17,325.70318603515625,303.19189453125
2011-02-18,320.52545166015625,315.7377624511719
2011-02-21,332.6068115234375,311.0911560058594
2011-02-22,328.4153137207031,302.0302429199219
2011-02-23,322.00482177734375,296.9189758300781
2011-02-24,315.1011962890625,296.9189758300781
2011-02-25,327.9222106933594,306.6768798828125
2011-02-28,332.6068115234375,299.7069396972656
2011-03-01,316.82708740234375,285.7670593261719
2011-03-02,303.01983642578125,299.7069396972656
2011-03-03,318.5530090332031,306.6768798828125
2011-03-04,322.00482177734375,300.4039306640625
2011-03-09,318.799560546875,300.4039306640625
2011-03-10,313.3752746582031,306.6768798828125
2011-03-11,325.4566345214844,315.9700927734375
2011-03-14,326.44287109375,314.1114807128906
2011-03-15,320.52545166015625,318.29339599609375
2011-03-16,339.0173034667969,320.6167297363281
2011-03-17,344.9347229003906,318.29339599609375
2011-03-18,346.6606140136719,325.49566650390625
2011-03-21,352.3314514160156,313.8791198730469
2011-03-22,337.7845153808594,338.04156494140625
2011-03-23,356.0298156738281,336.8799133300781
2011-03-24,357.5091857910156,325.9603271484375
2011-03-25,350.6055603027344,333.8595886230469
2011-03-28,355.5367126464844,325.9603271484375
2011-03-29,348.13995361328125,313.64678955078125
2011-03-30,335.56549072265625,318.5257568359375
2011-03-31,339.51043701171875,316.2024230957031
2011-04-01,335.56549072265625,316.2024230957031
2011-04-04,353.5642395019531,339.9001770019531
2011-04-05,359.9747619628906,343.61749267578125
2011-04-06,369.3439636230469,341.9911804199219
2011-04-07,366.38525390625,345.011474609375
2011-04-08,365.1524658203125,347.1024475097656
2011-04-11,369.3439636230469,339.20318603515625
2011-04-12,358.4953918457031,323.8693542480469
2011-04-13,348.879638671875,328.0513000488281
2011-04-14,347.8934020996094,325.49566650390625
2011-04-15,347.6468505859375,329.90997314453125
2011-04-18,345.4278259277344,328.748291015625
2011-04-19,353.5642395019531,336.8799133300781
2011-04-20,360.96099853515625,349.6580810546875
2011-04-25,369.8370666503906,342.455810546875
2011-04-26,361.7006530761719,350.1227722167969
2011-04-27,371.3164367675781,349.6580810546875
2011-04-28,367.3714904785156,338.04156494140625
2011-04-29,357.7557373046875,342.6881408691406
2011-05-02,359.9747619628906,338.190185546875
2011-05-03,348.879638671875,334.1556701660156
2011-05-04,350.1124267578125,321.5773620605469
2011-05-05,331.6205749511719,314.45758056640625
2011-05-06,334.0861511230469,325.1372375488281
2011-05-09,343.20880126953125,338.9021911621094
2011-05-10,352.08489990234375,338.9021911621094
2011-05-11,355.2901611328125,332.2570495605469
2011-05-12,344.44158935546875,352.4297790527344
2011-05-13,363.6731262207031,346.49664306640625
2011-05-16,359.9747619628906,346.49664306640625
2011-05-17,341.236328125,336.5289306640625
2011-05-18,350.1124267578125,316.11883544921875
2011-05-19,331.6205749511719,306.151123046875
2011-05-20,320.52545166015625,314.2202453613281
2011-05-23,319.7857971191406,320.6280517578125
2011-05-24,335.56549072265625,327.5105285644531
2011-05-25,340.0035400390625,325.1372375488281
2011-05-26,340.2501220703125,317.0681457519531
2011-05-27,331.86712646484375,322.0520324707031
2011-05-30,335.3189392089844,322.76397705078125
2011-05-31,340.2501220703125,332.2570495605469
2011-06-01,340.4966735839844,325.1372375488281
2011-06-02,337.7845153808594,336.7662353515625
2011-06-03,345.67437744140625,341.7500915527344
2011-06-06,355.5367126464844,327.5105285644531
2011-06-07,342.9622497558594,321.5773620605469
2011-06-08,333.5930480957031,325.1372375488281
2011-06-09,338.5242004394531,334.1556701660156
2011-06-10,347.4002990722656,325.6119079589844
2011-06-13,342.2225646972656,320.3907165527344
2011-06-14,338.5242004394531,320.3907165527344
2011-06-15,329.40155029296875,312.3216247558594
2011-06-16,326.44287109375,304.4898681640625
2011-06-17,320.52545166015625,308.5243835449219
2011-06-20,316.82708740234375,308.7617492675781
2011-06-21,322.4979248046875,307.3377685546875
2011-06-22,318.799560546875,296.6580810546875
2011-06-24,309.43035888671875,300.692626953125
2011-06-27,312.6356201171875,305.913818359375
2011-06-28,319.7857971191406,314.2202453613281
2011-06-29,327.6756591796875,306.3884582519531
2011-06-30,319.0461120605469,302.82855224609375
2011-07-01,315.59429931640625,307.1004333496094
2011-07-04,318.5530090332031,312.3216247558594
2011-07-05,322.2513732910156,298.08203125
2011-07-06,308.9372253417969,293.0981750488281
2011-07-07,308.19757080078125,295.4714660644531
2011-07-08,304.25262451171875,288.5889587402344
2011-07-11,296.1162109375,277.6719665527344
2011-07-12,286.00732421875,273.16278076171875
2011-07-13,286.25390625,288.11431884765625
2011-07-14,298.581787109375,273.6374206542969
2011-07-15,286.74700927734375,272.4507751464844
2011-07-18,280.0899353027344,266.9922790527344
2011-07-19,282.3089599609375,272.9254150390625
2011-07-20,287.2401123046875,274.112060546875
2011-07-21,286.5004577636719,292.62353515625
2011-07-22,305.48541259765625,299.0313415527344
2011-07-25,305.73199462890625,291.1995849609375
2011-07-26,300.8008117675781,280.04522705078125
2011-07-27,290.44537353515625,269.36553955078125
2011-07-28,281.076171875,270.3148498535156
2011-07-29,276.14501953125,268.4162292480469
2011-08-01,292.1712951660156,274.112060546875
2011-08-02,283.788330078125,265.8056335449219
2011-08-03,277.3778076171875,262.2457580566406
2011-08-04,264.06365966796875,240.41171264648438
2011-08-05,248.0373992919922,250.37940979003906
2011-08-08,239.1613006591797,237.3264617919922
2011-08-09,249.2701873779297,258.9231872558594
2011-08-10,256.4203796386719,252.04067993164062
2011-08-11,267.0223693847656,269.36553955078125
2011-08-12,279.35028076171875,252.989990234375
2011-08-15,266.2826843261719,264.8563232421875
2011-08-16,268.2551574707031,263.432373046875
2011-08-17,273.9259948730469,271.0268249511719
2011-08-18,272.2000732421875,252.989990234375
2011-08-19,258.8859558105469,254.6512908935547
2011-08-22,270.47418212890625,252.75267028808594
2011-08-23,266.2826843261719,263.432373046875
2011-08-24,273.1863098144531,259.3978271484375
2011-08-25,269.24139404296875,255.36325073242188
2011-08-26,266.2826843261719,258.4485168457031
2011-08-29,269.9810791015625,272.9254150390625
2011-08-30,278.8571472167969,282.89312744140625
2011-08-31,296.3627624511719,289.53826904296875
2011-09-01,311.6493835449219,311.135009765625
2011-09-02,315.1011962890625,289.53826904296875
2011-09-05,290.9385070800781,278.6212463378906
2011-09-06,280.0899353027344,290.2502746582031
2011-09-08,307.2113342285156,297.37005615234375
2011-09-09,303.01983642578125,277.1972961425781
2011-09-12,279.35028076171875,273.40008544921875
2011-09-13,288.4729309082031,264.8563232421875
2011-09-14,279.8433837890625,268.4162292480469
2011-09-15,281.5693054199219,264.6190185546875
2011-09-16,274.6656799316406,270.78948974609375
2011-09-19,272.4466552734375,256.7872314453125
2011-09-20,268.7482604980469,240.64903259277344
2011-09-21,252.7220001220703,233.76657104492188
2011-09-22,230.53176879882812,220.71360778808594
2011-09-23,231.27145385742188,223.79885864257812
2011-09-26,238.17507934570312,221.6629180908203
2011-09-27,236.20260620117188,224.7481689453125
2011-09-28,233.98358154296875,219.76431274414062
2011-09-29,230.77833557128906,221.18826293945312
2011-09-30,224.6143798828125,208.3726348876953
2011-10-03,209.5743408203125,198.40492248535156
2011-10-04,201.68447875976562,213.11917114257812
2011-10-05,221.90223693847656,210.9832305908203
2011-10-06,224.36782836914062,221.6629180908203
2011-10-07,231.7645721435547,215.72975158691406
2011-10-10,228.8058624267578,227.59608459472656
2011-10-11,233.98358154296875,228.78271484375
2011-10-13,241.62689208984375,239.69973754882812
2011-10-14,249.2701873779297,243.25962829589844
2011-10-17,249.0236358642578,236.61448669433594
2011-10-18,243.10623168945312,244.92091369628906
2011-10-19,257.6531677246094,247.29417419433594
2011-10-20,257.4066162109375,242.78497314453125
2011-10-21,255.92726135253906,248.24346923828125
2011-10-24,261.3515319824219,250.37940979003906
2011-10-25,260.1187438964844,250.37940979003906
2011-10-26,260.1187438964844,250.37940979003906
2011-10-27,260.1187438964844,250.37940979003906
2011-10-28,281.81585693359375,272.9254150390625
2011-10-31,279.8433837890625,257.49920654296875
2011-11-01,250.74954223632812,245.6328887939453
2011-11-03,261.8446350097656,243.25962829589844
2011-11-04,252.2288818359375,241.36102294921875
2011-11-07,249.0236358642578,246.5821990966797
2011-11-08,257.6531677246094,247.0568389892578
2011-11-09,249.7633056640625,232.57994079589844
2011-11-10,241.62689208984375,232.57994079589844
2011-11-11,253.70823669433594,250.14208984375
2011-11-14,258.1462707519531,243.25962829589844
2011-11-16,247.79083251953125,240.88636779785156
2011-11-17,245.07870483398438,226.88409423828125
2011-11-18,238.421630859375,221.42559814453125
2011-11-21,223.381591796875,214.54312133789062
2011-11-22,224.6143798828125,208.13531494140625
2011-11-23,214.25894165039062,208.8472900390625
2011-11-24,220.66944885253906,217.3910369873047
2011-11-25,221.90223693847656,219.76431274414062
2011-11-28,232.50424194335938,227.83340454101562
2011-11-29,238.17507934570312,228.54537963867188
2011-11-30,244.09246826171875,236.61448669433594
2011-12-01,250.2564239501953,245.6328887939453
2011-12-02,258.392822265625,237.5637969970703
2011-12-05,249.51673889160156,246.34486389160156
2011-12-06,252.7220001220703,243.4969482421875
2011-12-07,251.24264526367188,241.12368774414062
2011-12-08,252.7220001220703,227.35874938964844
2011-12-09,238.9147491455078,232.3426055908203
2011-12-12,241.3803253173828,232.3426055908203
2011-12-13,234.2301483154297,223.5615234375
2011-12-14,228.8058624267578,215.492431640625
2011-12-15,226.3402862548828,215.25511169433594
2011-12-16,225.84716796875,215.0177764892578
2011-12-19,224.86094665527344,204.1007537841797
2011-12-20,214.75205993652344,207.42332458496094
2011-12-21,214.25894165039062,203.6260986328125
2011-12-22,214.75205993652344,199.35423278808594
2011-12-23,207.6018829345703,196.50631713867188
2011-12-26,205.62940979003906,201.49017333984375
2011-12-27,210.56057739257812,199.35423278808594
2011-12-28,208.09498596191406,193.18374633789062
2011-12-29,203.41038513183594,189.86117553710938
2012-01-02,198.47923278808594,204.1007537841797
2012-01-03,212.0399169921875,212.64451599121094
2012-01-04,216.97108459472656,210.50857543945312
2012-01-05,216.47796630859375,202.91412353515625
2012-01-06,211.05369567871094,201.49017333984375
2012-01-09,211.05369567871094,202.6768035888672
2012-01-10,215.49172973632812,213.59381103515625
2012-01-11,220.916015625,215.492431640625
2012-01-12,225.60061645507812,212.8818359375
2012-01-13,220.66944885253906,201.7274932861328
2012-01-16,210.80712890625,204.812744140625
2012-01-17,212.77960205078125,204.812744140625
2012-01-18,214.9986114501953,212.64451599121094
2012-01-19,221.90223693847656,220.71360778808594
2012-01-20,228.55931091308594,218.34034729003906
2012-01-23,227.32652282714844,217.6283721923828
2012-01-24,224.6143798828125,216.67906188964844
2012-01-26,229.29898071289062,230.44400024414062
2012-01-27,240.64065551757812,234.47854614257812
2012-01-30,240.39410400390625,229.73202514648438
2012-01-31,242.6131134033203,224.0361785888672
2012-02-01,236.4491729736328,243.4969482421875
2012-02-02,250.2564239501953,253.46466064453125
2012-02-03,259.13250732421875,256.07525634765625
2012-02-06,266.2826843261719,250.14208984375
2012-02-07,259.6256408691406,256.07525634765625
2012-02-08,265.0498962402344,252.51535034179688
2012-02-09,262.3377685546875,243.9716033935547
2012-02-10,248.530517578125,235.66517639160156
2012-02-13,244.83213806152344,235.66517639160156
2012-02-14,261.8446350097656,244.2089385986328
2012-02-15,260.6118469238281,255.36325073242188
2012-02-16,260.8584289550781,261.7710876464844
2012-02-17,273.4328918457031,259.6351318359375
2012-02-23,266.77581787109375,254.88861083984375
2012-02-24,265.29644775390625,249.4300994873047
2012-02-27,257.1600341796875,242.31031799316406
2012-02-28,252.7220001220703,252.51535034179688
2012-02-29,263.8171081542969,244.2089385986328
2012-03-01,256.173828125,244.92091369628906
2012-03-02,255.43414306640625,262.0083923339844
2012-03-05,270.96728515625,252.2780303955078
2012-03-06,257.4066162109375,242.78497314453125
2012-03-07,256.9134826660156,259.87249755859375
2012-03-08,274.17254638671875,278.3839416503906
2012-03-09,290.44537353515625,267.94158935546875
2012-03-12,275.6518859863281,264.8563232421875
2012-03-13,279.8433837890625,275.0613708496094
2012-03-14,283.541748046875,265.8056335449219
2012-03-15,274.9122314453125,258.6858215332031
2012-03-16,274.17254638671875,251.09140014648438
2012-03-19,260.8584289550781,251.09140014648438
2012-03-20,254.6944580078125,250.61672973632812
2012-03-21,262.83087158203125,244.44625854492188
2012-03-22,251.98233032226562,239.69973754882812
2012-03-23,250.99609375,240.88636779785156
2012-03-26,254.20135498046875,248.0061492919922
2012-03-27,258.8859558105469,243.4969482421875
2012-03-28,253.9547882080078,245.15823364257812
2012-03-29,250.2564239501953,242.072998046875
2012-03-30,254.44790649414062,234.00389099121094
2012-04-02,240.39410400390625,228.78271484375
2012-04-03,238.66819763183594,227.83340454101562
2012-04-04,233.490478515625,234.24122619628906
2012-04-05,243.84591674804688,240.88636779785156
2012-04-09,245.07870483398438,230.9186553955078
2012-04-10,238.17507934570312,220.23895263671875
2012-04-11,232.9973602294922,214.78045654296875
2012-04-12,224.6143798828125,218.34034729003906
2012-04-13,223.8747100830078,215.72975158691406
2012-04-16,225.60061645507812,216.44174194335938
2012-04-17,227.81964111328125,224.2735137939453
2012-04-18,231.51800537109375,217.15371704101562
2012-04-19,226.09373474121094,215.0177764892578
2012-04-20,227.32652282714844,209.79660034179688
2012-04-23,213.7658233642578,203.86343383789062
2012-04-24,212.0399169921875,211.4578857421875
2012-04-25,223.8747100830078,210.271240234375
2012-04-26,213.272705078125,205.52471923828125
2012-04-27,215.73829650878906,194.60769653320312
2012-04-30,196.2602081298828,197.24644470214844
2012-05-02,193.54806518554688,197.4929962158203
2012-05-03,199.46546936035156,205.62940979003906
2012-05-04,209.32778930664062,203.90350341796875
2012-05-07,205.3828582763672,197.98611450195312
2012-05-08,195.52053833007812,190.3428192138672
2012-05-09,188.37034606933594,177.52178955078125
2012-05-10,180.72705078125,176.04244995117188
2012-05-11,173.5768585205078,176.28900146484375
2012-05-14,172.09751892089844,159.52305603027344
2012-05-15,159.27650451660156,146.94859313964844
2012-05-16,150.40040588378906,142.75711059570312
2012-05-17,144.23646545410156,136.3466033935547
2012-05-18,137.3328399658203,132.89479064941406
2012-05-21,132.89479064941406,132.89479064941406
2012-05-22,139.55184936523438,127.22395324707031
2012-05-23,125.7446060180664,130.67576599121094
2012-05-24,132.89479064941406,137.3328399658203
2012-05-25,135.60693359375,142.75711059570312
2012-05-28,147.93482971191406,146.70204162597656
2012-05-29,148.42794799804688,138.5656280517578
2012-05-30,132.40167236328125,133.63446044921875
2012-05-31,134.62069702148438,130.18264770507812
2012-06-01,125.7446060180664,126.9773941040039
2012-06-04,127.47051239013672,120.32032775878906
2012-06-05,121.06000518798828,113.1701431274414
2012-06-06,115.38916778564453,122.29279327392578
2012-06-08,120.07376861572266,122.53935241699219
2012-06-11,125.99116516113281,123.03246307373047
2012-06-12,123.27902221679688,126.23772430419922
2012-06-13,125.498046875,129.44297790527344
2012-06-14,128.21018981933594,128.70330810546875
2012-06-15,129.1964111328125,129.93609619140625
2012-06-18,129.93609619140625,129.93609619140625
2012-06-19,130.42921447753906,132.64822387695312
2012-06-20,132.89479064941406,133.63446044921875
2012-06-21,133.8810272216797,129.6895294189453
2012-06-22,129.44297790527344,128.4567413330078
2012-06-25,125.99116516113281,122.04623413085938
2012-06-26,121.06000518798828,118.59442138671875
2012-06-27,120.07376861572266,114.4029312133789
2012-06-28,114.64949035644531,115.14260864257812
2012-06-29,121.06000518798828,121.55311584472656
2012-07-02,121.30655670166016,117.11507415771484
2012-07-03,118.10130310058594,124.5118179321289
2012-07-04,124.0186996459961,125.7446060180664
2012-07-05,126.7308349609375,126.23772430419922
2012-07-06,124.5118179321289,120.32032775878906
2012-07-10,121.55311584472656,109.71833038330078
2012-07-11,110.7045669555664,105.77339935302734
2012-07-12,104.78717041015625,98.37666320800781
2012-07-13,100.34912872314453,99.85601043701172
2012-07-16,99.85601043701172,99.85601043701172
2012-07-17,94.43173217773438,95.1714096069336
2012-07-18,95.91107940673828,97.14386749267578
2012-07-19,98.62322235107422,106.01995849609375
2012-07-20,102.32158660888672,101.08879852294922
2012-07-23,96.15763854980469,97.883544921875
2012-07-24,99.85601043701172,95.91107940673828
2012-07-25,97.6369857788086,97.6369857788086
2012-07-26,100.34912872314453,103.06126403808594
2012-07-27,104.54061126708984,111.19767761230469
2012-07-30,111.4442367553711,116.86851501464844
2012-07-31,116.86851501464844,114.64949035644531
2012-08-01,115.38916778564453,124.5118179321289
2012-08-02,120.81344604492188,122.04623413085938
2012-08-03,126.7308349609375,131.66200256347656
2012-08-06,130.9223175048828,140.0449676513672
2012-08-07,143.003662109375,130.18264770507812
2012-08-08,129.6895294189453,138.31906127929688
2012-08-09,136.10003662109375,141.52432250976562
2012-08-10,140.0449676513672,135.60693359375
2012-08-13,134.37413024902344,135.36036682128906
2012-08-14,136.59315490722656,130.42921447753906
2012-08-15,126.9773941040039,132.64822387695312
2012-08-16,135.60693359375,135.60693359375
2012-08-17,137.08627319335938,135.1138153076172
2012-08-20,136.10003662109375,142.01744079589844
2012-08-21,143.98989868164062,145.46925354003906
2012-08-22,143.4967803955078,147.93482971191406
2012-08-23,146.70204162597656,147.44171142578125
2012-08-24,146.70204162597656,150.40040588378906
2012-08-27,151.3866424560547,146.45547485351562
2012-08-28,145.71580505371094,147.93482971191406
2012-08-29,148.67449951171875,146.70204162597656
2012-08-30,145.71580505371094,148.67449951171875
2012-08-31,150.64697265625,149.90728759765625
2012-09-03,150.40040588378906,148.67449951171875
2012-09-04,147.19515991210938,134.37413024902344
2012-09-05,132.64822387695312,125.00492858886719
2012-09-06,125.7446060180664,127.47051239013672
2012-09-10,125.99116516113281,127.47051239013672
2012-09-11,124.5118179321289,127.71707153320312
2012-09-12,136.59315490722656,136.59315490722656
2012-09-13,147.6882781982422,147.6882781982422
2012-09-14,138.31906127929688,138.31906127929688
2012-09-17,138.31906127929688,135.36036682128906
2012-09-18,134.37413024902344,142.01744079589844
2012-09-19,142.75711059570312,140.0449676513672
2012-09-20,138.072509765625,140.5380859375
2012-09-21,143.003662109375,138.5656280517578
2012-09-24,138.8121795654297,137.82594299316406
2012-09-25,138.072509765625,137.3328399658203
2012-09-26,138.072509765625,133.14134216308594
2012-09-27,134.12757873535156,128.21018981933594
2012-09-28,127.71707153320312,124.0186996459961
2012-10-01,125.7446060180664,125.498046875
2012-10-02,126.4842758178711,119.58065032958984
2012-10-03,120.32032775878906,118.34786224365234
2012-10-04,120.81344604492188,115.14260864257812
2012-10-05,118.34786224365234,116.12883758544922
2012-10-08,114.89604949951172,119.58065032958984
2012-10-09,120.07376861572266,119.08753967285156
2012-10-10,119.08753967285156,119.58065032958984
2012-10-11,120.81344604492188,122.29279327392578
2012-10-15,124.0186996459961,123.27902221679688
2012-10-16,124.2652587890625,120.32032775878906
2012-10-17,121.30655670166016,123.52558135986328
2012-10-18,123.27902221679688,121.55311584472656
2012-10-19,121.79967498779297,119.82720947265625
2012-10-22,119.82720947265625,117.11507415771484
2012-10-23,116.12883758544922,117.11507415771484
2012-10-24,117.60819244384766,114.4029312133789
2012-10-25,115.38916778564453,114.64949035644531
2012-10-26,113.1701431274414,111.9373550415039
2012-10-29,110.4580078125,108.73210144042969
2012-10-30,109.22521209716797,108.9786605834961
2012-10-31,109.47177124023438,105.28028869628906
2012-11-01,105.28028869628906,104.78717041015625
2012-11-05,104.54061126708984,103.80094146728516
2012-11-06,104.54061126708984,111.4442367553711
2012-11-07,110.95111846923828,108.23898315429688
2012-11-08,108.48554229736328,105.28028869628906
2012-11-09,105.28028869628906,104.29405212402344
2012-11-12,105.03372955322266,102.81470489501953
2012-11-13,102.56814575195312,102.32158660888672
2012-11-14,101.08879852294922,99.1163330078125
2012-11-16,97.6369857788086,98.1301040649414
2012-11-19,100.5956802368164,102.56814575195312
2012-11-21,104.5,100.0
2012-11-22,101.25,99.5
2012-11-23,99.5,103.0
2012-11-26,101.75,101.0
2012-11-27,101.25,100.0
2012-11-28,99.25,99.25
2012-11-29,100.5,100.25
2012-11-30,101.0,102.0
2012-12-03,102.75,104.25
2012-12-04,104.25,105.0
2012-12-05,107.5,106.75
2012-12-06,106.5,107.0
2012-12-07,108.0,109.0
2012-12-10,108.75,109.5
2012-12-11,110.5,115.5
2012-12-12,114.5,118.0
2012-12-13,118.75,120.0
2012-12-14,121.5,112.0
2012-12-17,111.5,114.5
2012-12-18,115.25,116.75
2012-12-19,117.5,118.25
2012-12-20,118.25,121.5
2012-12-21,118.0,121.5
2012-12-26,121.0,124.0
2012-12-27,124.25,114.5
2012-12-28,115.5,113.75
2013-01-02,117.0,119.25
2013-01-03,119.0,123.5
2013-01-04,123.5,120.75
2013-01-07,121.25,117.75
2013-01-08,118.25,115.75
2013-01-09,117.0,117.0
2013-01-10,117.75,113.5
2013-01-11,114.25,112.0
2013-01-14,113.75,112.0
2013-01-15,113.75,113.0
2013-01-16,115.0,111.25
2013-01-17,112.0,115.5
2013-01-18,115.75,113.25
2013-01-21,113.75,114.5
2013-01-22,114.75,111.5
2013-01-23,114.75,117.25
2013-01-24,116.75,112.5
2013-01-28,113.5,109.0
2013-01-29,110.0,107.25
2013-01-30,107.25,104.75
2013-01-31,105.0,105.0
2013-02-01,106.25,107.0
2013-02-04,106.75,104.5
2013-02-05,105.0,105.75
2013-02-06,106.25,103.0
2013-02-07,103.5,101.5
2013-02-08,101.5,102.25
2013-02-13,103.5,101.5
2013-02-14,102.25,99.75
2013-02-15,100.5,97.5
2013-02-18,98.0,97.0
2013-02-19,97.75,95.0
2013-02-20,94.75,89.75
2013-02-21,89.25,86.5
2013-02-22,87.75,86.5
2013-02-25,87.5,85.75
2013-02-26,84.75,87.75
2013-02-27,88.5,87.5
2013-02-28,87.75,87.75
2013-03-01,86.0,85.75
2013-03-04,84.5,84.75
2013-03-05,85.25,81.5
2013-03-06,82.75,86.75
2013-03-07,87.0,85.75
2013-03-08,85.0,84.5
2013-03-11,84.25,85.0
2013-03-12,85.0,85.25
2013-03-13,84.5,83.75
2013-03-14,84.25,83.0
2013-03-15,82.75,79.5
2013-03-18,79.25,82.0
2013-03-19,79.25,80.75
2013-03-20,81.25,78.25
2013-03-21,78.75,78.75
2013-03-22,78.75,76.5
2013-03-25,76.25,76.25
2013-03-26,76.25,76.75
2013-03-27,73.5,75.25
2013-03-28,75.25,75.25
2013-04-01,76.25,76.25
2013-04-02,76.25,77.75
2013-04-03,77.5,84.75
2013-04-04,83.75,85.0
2013-04-05,84.0,90.0
2013-04-08,89.25,89.25
2013-04-09,92.0,91.5
2013-04-10,92.0,91.75
2013-04-11,91.5,91.5
2013-04-12,90.75,89.0
2013-04-15,86.0,85.25
2013-04-16,86.5,86.25
2013-04-17,84.0,83.25
2013-04-18,83.25,85.25
2013-04-19,85.5,85.5
2013-04-22,85.25,84.75
2013-04-23,85.25,82.5
2013-04-24,82.25,83.0
2013-04-25,83.25,81.25
2013-04-26,81.25,81.25
2013-04-29,84.0,82.5
2013-04-30,82.25,84.25
2013-05-02,85.0,82.75
2013-05-03,84.25,85.75
2013-05-06,84.25,84.5
2013-05-07,84.0,83.75
2013-05-08,83.5,82.0
2013-05-09,81.75,80.5
2013-05-10,80.0,79.75
2013-05-13,78.5,80.5
2013-05-14,80.25,79.75
2013-05-15,80.0,88.0
2013-05-16,87.5,86.0
2013-05-17,86.25,88.5
2013-05-20,86.25,88.5
2013-05-21,88.5,89.75
2013-05-22,90.0,92.5
2013-05-23,89.75,95.5
2013-05-24,96.0,97.75
2013-05-27,98.0,100.0
2013-05-28,100.75,98.0
2013-05-29,96.25,94.75
2013-05-31,92.75,86.25
2013-06-03,86.25,89.0
2013-06-04,89.0,89.25
2013-06-05,88.5,90.75
2013-06-06,90.75,89.0
2013-06-07,88.25,83.5
2013-06-10,83.0,82.0
2013-06-11,80.5,77.25
2013-06-12,78.75,79.25
2013-06-13,78.5,85.5
2013-06-14,85.75,83.5
2013-06-17,83.75,81.75
2013-06-18,82.25,79.75
2013-06-19,80.0,75.25
2013-06-20,73.0,77.0
2013-06-21,74.25,72.75
2013-06-24,71.0,69.75
2013-06-25,70.75,73.5
2013-06-26,73.75,74.75
2013-06-27,75.25,76.0
2013-06-28,75.75,72.75
2013-07-01,75.75,71.0
2013-07-02,69.5,66.75
2013-07-03,66.0,66.0
2013-07-04,67.5,67.0
2013-07-05,65.0,64.75
2013-07-08,63.25,64.75
2013-07-10,65.0,63.25
2013-07-11,64.0,63.75
2013-07-12,63.25,62.25
2013-07-15,62.25,63.75
2013-07-16,65.0,63.75
2013-07-17,64.25,66.25
2013-07-18,66.5,68.25
2013-07-19,67.5,68.25
2013-07-22,68.25,72.5
2013-07-23,73.0,71.25
2013-07-24,71.5,69.25
2013-07-25,68.75,70.5
2013-07-26,70.5,70.5
2013-07-29,69.5,69.25
2013-07-30,69.75,68.25
2013-07-31,67.0,66.5
2013-08-01,67.0,66.75
2013-08-02,66.25,65.25
2013-08-05,65.0,65.25
2013-08-06,64.75,62.25
2013-08-07,61.75,60.5
2013-08-08,60.75,64.75
2013-08-09,65.75,71.75
2013-08-12,73.25,72.75
2013-08-13,73.25,70.0
2013-08-14,68.5,71.75
2013-08-15,70.5,75.75
2013-08-16,76.25,79.5
2013-08-19,79.75,76.25
2013-08-20,75.5,72.25
2013-08-21,71.0,69.0
2013-08-22,69.75,68.5
2013-08-23,68.75,75.0
2013-08-26,75.0,70.25
2013-08-27,69.5,68.75
2013-08-28,69.0,67.25
2013-08-29,68.0,69.25
2013-08-30,68.0,68.75
2013-09-02,70.5,71.25
2013-09-03,71.5,73.0
2013-09-04,73.0,73.75
2013-09-05,74.0,73.0
2013-09-06,74.0,74.5
2013-09-09,75.0,76.0
2013-09-10,77.5,74.25
2013-09-11,74.75,72.5
2013-09-12,72.0,75.0
2013-09-13,75.5,76.5
2013-09-16,77.25,73.0
2013-09-17,73.25,75.75
2013-09-18,76.0,82.25
2013-09-19,83.0,81.25
2013-09-20,81.5,78.5
2013-09-23,81.5,79.0
2013-09-24,81.5,79.75
2013-09-25,80.0,80.0
2013-09-26,79.5,80.0
2013-09-27,79.25,80.5
2013-09-30,79.25,79.25
2013-10-01,80.0,80.0
2013-10-02,80.5,82.5
2013-10-03,82.25,79.75
2013-10-04,80.0,79.5
2013-10-07,79.0,80.0
2013-10-08,79.75,80.5
2013-10-09,81.25,83.75
2013-10-10,84.0,84.5
2013-10-11,84.75,83.5
2013-10-14,83.75,84.75
2013-10-15,85.0,85.5
2013-10-16,85.0,85.0
2013-10-17,84.25,80.75
2013-10-18,81.0,77.5
2013-10-21,78.0,78.75
2013-10-22,78.0,80.0
2013-10-23,79.25,77.5
2013-10-24,77.0,75.25
2013-10-25,75.0,71.75
2013-10-28,72.0,71.75
2013-10-29,72.25,71.75
2013-10-30,72.5,69.5
2013-10-31,68.75,69.0
2013-11-01,69.25,67.0
2013-11-04,67.5,67.0
2013-11-05,66.75,63.5
2013-11-06,64.0,60.25
2013-11-07,60.25,59.0
2013-11-08,58.75,58.0
2013-11-11,58.0,58.0
2013-11-12,58.0,55.5
2013-11-13,55.75,56.5
2013-11-14,57.0,61.0
2013-11-18,61.75,62.5
2013-11-19,62.0,58.25
2013-11-21,56.25,56.0
2013-11-22,55.75,57.5
2013-11-25,58.25,56.75
2013-11-26,56.0,54.75
2013-11-27,54.75,54.0
2013-11-28,54.75,54.0
2013-11-29,54.5,54.0
2013-12-02,53.0,51.5
2013-12-03,50.75,51.0
2013-12-04,51.25,49.5
2013-12-05,51.25,50.25
2013-12-06,51.0,52.5
2013-12-09,53.0,53.0
2013-12-10,53.5,53.75
2013-12-11,53.5,51.75
2013-12-12,52.0,51.5
2013-12-13,52.0,50.75
2013-12-16,51.5,51.0
2013-12-17,51.0,51.0
2013-12-18,51.25,52.0
2013-12-19,53.0,54.25
2013-12-20,55.0,52.75
2013-12-23,53.25,51.25
2013-12-26,51.5,51.75
2013-12-27,52.0,51.0
2013-12-30,51.25,51.0
2014-01-02,51.25,48.0
2014-01-03,48.25,51.25
2014-01-06,51.0,50.75
2014-01-07,51.25,49.75
2014-01-08,50.25,50.0
2014-01-09,50.25,47.75
2014-01-10,48.0,47.5
2014-01-13,47.5,47.0
2014-01-14,47.0,48.0
2014-01-15,48.5,49.0
2014-01-16,48.75,48.0
2014-01-17,48.25,47.25
2014-01-20,47.5,47.25
2014-01-21,46.5,46.5
2014-01-22,46.75,48.0
2014-01-23,47.75,48.5
2014-01-24,48.75,47.5
2014-01-27,47.5,47.25
2014-01-28,48.0,48.75
2014-01-29,48.25,47.75
2014-01-30,47.75,48.5
2014-01-31,47.75,48.75
2014-02-03,48.25,47.25
2014-02-04,47.5,48.0
2014-02-05,48.0,47.5
2014-02-06,48.0,48.5
2014-02-07,48.75,49.0
2014-02-10,48.75,48.5
2014-02-11,49.0,49.0
2014-02-12,49.25,48.25
2014-02-13,48.0,46.5
2014-02-14,47.0,46.25
2014-02-17,46.75,47.0
2014-02-18,47.0,44.5
2014-02-19,44.25,44.0
2014-02-20,43.5,43.0
2014-02-21,43.25,42.25
2014-02-24,42.0,43.0
2014-02-25,42.75,42.0
2014-02-26,42.25,41.25
2014-02-27,41.75,44.75
2014-02-28,45.25,42.75
2014-03-05,43.0,40.75
2014-03-06,41.25,41.0
2014-03-07,41.25,40.0
2014-03-10,40.0,38.0
2014-03-11,38.5,37.25
2014-03-12,36.75,36.75
2014-03-13,37.0,36.5
2014-03-14,36.25,36.5
2014-03-17,36.5,35.25
2014-03-18,35.5,37.25
2014-03-19,37.0,37.75
2014-03-20,37.5,40.0
2014-03-21,39.75,40.0
2014-03-24,40.5,41.0
2014-03-25,40.75,40.25
2014-03-26,40.5,38.25
2014-03-27,38.5,41.25
2014-03-28,42.0,44.0
2014-03-31,44.25,45.25
2014-04-01,46.0,45.75
2014-04-02,46.0,46.25
2014-04-03,46.5,44.0
2014-04-04,44.75,44.0
2014-04-07,45.0,44.5
2014-04-08,45.0,45.0
2014-04-09,44.25,43.0
2014-04-10,42.5,40.75
2014-04-11,40.25,40.25
2014-04-14,40.0,40.25
2014-04-15,40.0,38.75
2014-04-16,39.0,39.5
2014-04-17,39.5,39.25
2014-04-22,39.5,39.25
2014-04-23,39.0,40.75
2014-04-24,41.0,42.25
2014-04-25,41.75,39.5
2014-04-28,39.25,38.25
2014-04-29,38.5,39.25
2014-04-30,39.5,40.0
2014-05-02,40.0,43.25
2014-05-05,43.5,41.25
2014-05-06,41.0,41.5
2014-05-07,41.0,42.5
2014-05-08,42.25,42.75
2014-05-09,42.75,44.25
2014-05-12,44.25,44.0
2014-05-13,44.25,43.5
2014-05-14,43.5,44.5
2014-05-15,45.5,43.75
2014-05-16,43.5,43.5
2014-05-19,43.0,43.25
2014-05-20,43.5,42.75
2014-05-21,42.75,41.5
2014-05-22,41.75,42.0
2014-05-23,42.0,41.0
2014-05-26,41.0,40.75
2014-05-27,41.0,39.5
2014-05-28,39.75,40.5
2014-05-29,40.75,41.5
2014-05-30,41.25,40.5
2014-06-02,41.0,39.75
2014-06-03,39.75,39.75
2014-06-04,39.75,40.75
2014-06-05,41.25,40.75
2014-06-06,41.75,42.0
2014-06-09,42.0,42.75
2014-06-10,43.0,42.75
2014-06-11,43.25,43.0
2014-06-13,42.75,42.5
2014-06-16,42.5,42.0
2014-06-17,41.75,41.5
2014-06-18,41.75,42.25
2014-06-20,42.0,41.0
2014-06-23,41.25,40.75
2014-06-24,40.75,40.5
2014-06-25,40.75,41.25
2014-06-26,41.5,41.5
2014-06-27,41.75,42.75
2014-06-30,42.75,43.25
2014-07-01,43.25,42.0
2014-07-02,42.5,41.0
2014-07-03,41.0,40.75
2014-07-04,41.0,40.75
2014-07-07,40.75,40.75
2014-07-08,40.75,40.75
2014-07-10,41.25,40.5
2014-07-11,40.0,41.0
2014-07-14,41.25,41.0
2014-07-15,41.25,41.25
2014-07-16,41.0,40.75
2014-07-17,41.0,40.75
2014-07-18,41.0,41.0
2014-07-21,41.0,40.75
2014-07-22,40.75,41.0
2014-07-23,41.0,40.0
2014-07-24,40.5,40.25
2014-07-25,40.25,39.75
2014-07-28,40.25,39.25
2014-07-29,39.25,37.75
2014-07-30,37.75,36.5
2014-07-31,36.25,35.5
2014-08-01,35.5,35.5
2014-08-04,35.5,34.75
2014-08-05,34.5,32.5
2014-08-06,32.75,32.5
2014-08-07,33.0,33.0
2014-08-08,33.25,33.25
2014-08-11,33.5,32.75
2014-08-12,32.75,33.25
2014-08-13,33.0,32.0
2014-08-14,32.0,31.75
2014-08-15,32.0,31.5
2014-08-18,31.5,30.5
2014-08-19,30.25,30.25
2014-08-20,30.0,32.0
2014-08-21,32.0,33.0
2014-08-22,32.75,31.5
2014-08-25,31.75,32.5
2014-08-26,32.5,34.5
2014-08-27,35.0,35.25
2014-08-28,35.0,35.0
2014-08-29,35.0,35.5
2014-09-01,35.75,34.0
2014-09-02,34.0,35.75
2014-09-03,36.0,36.5
2014-09-04,36.25,37.75
2014-09-05,38.0,36.5
2014-09-08,36.75,34.5
2014-09-09,34.75,33.75
2014-09-10,33.5,32.25
2014-09-11,32.25,32.25
2014-09-12,32.25,31.0
2014-09-15,31.0,32.75
2014-09-16,32.75,32.0
2014-09-17,32.25,33.0
2014-09-18,32.75,32.0
2014-09-19,32.0,31.75
2014-09-22,31.5,31.5
2014-09-23,31.5,30.75
2014-09-24,30.75,30.25
2014-09-25,30.25,30.0
2014-09-26,30.0,30.25
2014-09-29,30.0,28.25
2014-09-30,28.0,27.0
2014-10-01,26.5,25.25
2014-10-02,25.75,25.25
2014-10-03,25.5,25.75
2014-10-06,27.0,27.25
2014-10-07,27.5,28.0
2014-10-08,28.25,27.5
2014-10-09,28.25,26.75
2014-10-10,25.0,25.0
2014-10-13,25.75,26.25
2014-10-14,25.75,25.5
2014-10-15,25.25,25.25
2014-10-16,24.75,25.0
2014-10-17,25.25,24.75
2014-10-20,24.5,24.5
2014-10-21,22.5,22.5
2014-10-22,22.75,22.0
2014-10-23,22.0,21.25
2014-10-24,21.5,22.5
2014-10-27,21.25,21.75
2014-10-28,22.0,22.25
2014-10-29,22.5,22.0
2014-10-30,22.25,22.5
2014-10-31,22.75,24.5
2014-11-03,24.5,24.0
2014-11-04,24.0,23.5
2014-11-05,23.25,22.75
2014-11-06,22.5,21.75
2014-11-07,22.0,21.25
2014-11-10,21.5,20.75
2014-11-11,20.75,20.75
2014-11-12,20.5,23.0
2014-11-13,23.0,21.5
2014-11-14,20.75,20.5
2014-11-17,20.5,19.75
2014-11-18,19.75,19.25
2014-11-19,19.5,19.5
2014-11-21,20.0,22.700000762939453
2014-11-24,23.049999237060547,20.899999618530273
2014-11-25,21.049999237060547,20.149999618530273
2014-11-26,20.350000381469727,20.049999237060547
2014-11-27,20.049999237060547,19.899999618530273
2014-11-28,19.850000381469727,19.200000762939453
2014-12-01,19.0,18.649999618530273
2014-12-02,18.649999618530273,17.600000381469727
2014-12-03,17.649999618530273,17.899999618530273
2014-12-04,17.950000762939453,16.649999618530273
2014-12-05,16.649999618530273,15.149999618530273
2014-12-08,15.149999618530273,13.800000190734863
2014-12-09,13.550000190734863,12.649999618530273
2014-12-10,12.75,11.699999809265137
2014-12-11,11.600000381469727,10.350000381469727
2014-12-12,10.199999809265137,12.0
2014-12-15,12.0,10.300000190734863
2014-12-16,10.25,10.449999809265137
2014-12-17,10.649999618530273,10.949999809265137
2014-12-18,11.149999618530273,10.899999618530273
2014-12-19,10.800000190734863,11.949999809265137
2014-12-22,12.050000190734863,12.899999618530273
2014-12-23,12.75,16.450000762939453
2014-12-26,16.25,17.850000381469727
2014-12-29,18.0,20.549999237060547
2014-12-30,20.899999618530273,16.950000762939453
2015-01-02,16.75,16.75
2015-01-05,16.75,14.350000381469727
2015-01-06,14.199999809265137,13.699999809265137
2015-01-07,13.899999618530273,13.949999809265137
2015-01-08,14.050000190734863,13.600000381469727
2015-01-09,13.5,13.0
2015-01-12,13.0,14.199999809265137
2015-01-13,14.199999809265137,13.350000381469727
2015-01-14,13.399999618530273,12.149999618530273
2015-01-15,12.199999809265137,12.300000190734863
2015-01-16,12.25,12.0
2015-01-19,11.899999618530273,11.699999809265137
2015-01-20,11.75,11.899999618530273
2015-01-21,11.699999809265137,12.949999809265137
2015-01-22,13.149999618530273,13.100000381469727
2015-01-23,13.149999618530273,13.600000381469727
2015-01-26,13.600000381469727,13.649999618530273
2015-01-27,13.5,12.949999809265137
2015-01-28,12.850000381469727,12.100000381469727
2015-01-29,12.050000190734863,11.75
2015-01-30,11.550000190734863,10.649999618530273
2015-02-02,10.850000381469727,10.350000381469727
2015-02-03,10.5,11.399999618530273
2015-02-04,11.600000381469727,10.699999809265137
2015-02-05,10.649999618530273,11.850000381469727
2015-02-06,11.75,11.25
2015-02-09,11.199999809265137,11.5
2015-02-10,11.449999809265137,11.449999809265137
2015-02-11,11.449999809265137,12.050000190734863
2015-02-12,12.25,12.600000381469727
2015-02-13,12.850000381469727,13.25
2015-02-18,13.300000190734863,14.850000381469727
2015-02-19,14.949999809265137,14.399999618530273
2015-02-20,14.449999809265137,14.25
2015-02-23,14.149999618530273,13.199999809265137
2015-02-24,13.300000190734863,12.850000381469727
2015-02-25,12.699999809265137,13.100000381469727
2015-02-26,13.399999618530273,14.0
2015-02-27,14.050000190734863,14.449999809265137
2015-03-02,14.5,14.449999809265137
2015-03-03,14.449999809265137,14.899999618530273
2015-03-04,14.649999618530273,14.300000190734863
2015-03-05,14.300000190734863,13.75
2015-03-06,13.850000381469727,14.0
2015-03-09,14.0,13.5
2015-03-10,13.550000190734863,13.100000381469727
2015-03-11,13.199999809265137,13.050000190734863
2015-03-12,13.149999618530273,13.600000381469727
2015-03-13,13.550000190734863,14.449999809265137
2015-03-16,14.449999809265137,13.350000381469727
2015-03-17,13.449999809265137,14.350000381469727
2015-03-18,14.100000381469727,16.75
2015-03-19,15.75,14.0
2015-03-20,13.949999809265137,13.25
2015-03-23,13.5,13.399999618530273
2015-03-24,13.5,13.5
2015-03-25,13.75,13.600000381469727
2015-03-26,13.399999618530273,13.25
2015-03-27,13.100000381469727,13.399999618530273
2015-03-30,13.350000381469727,12.949999809265137
2015-03-31,13.0,13.050000190734863
2015-04-01,13.149999618530273,13.050000190734863
2015-04-02,13.100000381469727,13.149999618530273
2015-04-06,13.25,13.300000190734863
2015-04-07,13.449999809265137,12.949999809265137
2015-04-08,13.0,12.600000381469727
2015-04-09,12.350000381469727,12.649999618530273
2015-04-10,12.699999809265137,12.550000190734863
2015-04-13,12.550000190734863,12.25
2015-04-14,12.25,12.149999618530273
2015-04-15,12.100000381469727,12.449999809265137
2015-04-16,12.5,12.100000381469727
2015-04-17,12.149999618530273,11.949999809265137
2015-04-20,12.0,11.399999618530273
2015-04-22,11.5,11.600000381469727
2015-04-23,11.649999618530273,11.550000190734863
2015-04-24,11.649999618530273,12.25
2015-04-27,12.600000381469727,11.899999618530273
2015-04-28,12.050000190734863,11.550000190734863
2015-04-29,11.5,11.100000381469727
2015-04-30,11.100000381469727,11.5
2015-05-04,11.600000381469727,11.399999618530273
2015-05-05,11.449999809265137,11.449999809265137
2015-05-06,11.449999809265137,11.300000190734863
2015-05-07,11.449999809265137,11.0
2015-05-08,11.149999618530273,10.850000381469727
2015-05-11,10.899999618530273,10.800000190734863
2015-05-12,10.800000190734863,10.399999618530273
2015-05-13,10.5,10.5
2015-05-14,10.449999809265137,10.449999809265137
2015-05-15,10.449999809265137,10.300000190734863
2015-05-18,10.449999809265137,10.100000381469727
2015-05-19,10.149999618530273,9.75
2015-05-20,9.75,9.5
2015-05-21,9.449999809265137,9.449999809265137
2015-05-22,9.5,8.699999809265137
2015-05-25,8.800000190734863,8.25
2015-05-26,8.300000190734863,7.75
2015-05-27,7.849999904632568,7.5
2015-05-28,7.5,7.849999904632568
2015-05-29,8.199999809265137,7.900000095367432
2015-06-01,7.900000095367432,7.5
2015-06-02,7.5,7.650000095367432
2015-06-03,7.75,7.300000190734863
2015-06-05,7.300000190734863,7.300000190734863
2015-06-08,7.349999904632568,7.199999809265137
2015-06-09,7.199999809265137,7.550000190734863
2015-06-10,7.550000190734863,8.149999618530273
2015-06-11,8.100000381469727,7.650000095367432
2015-06-12,7.599999904632568,7.5
2015-06-15,7.5,7.300000190734863
2015-06-16,7.349999904632568,7.199999809265137
2015-06-17,7.300000190734863,6.900000095367432
2015-06-18,7.0,7.150000095367432
2015-06-19,7.199999809265137,7.0
2015-06-22,7.050000190734863,7.0
2015-06-23,7.0,7.0
2015-06-24,7.050000190734863,6.849999904632568
2015-06-25,6.849999904632568,6.599999904632568
2015-06-26,6.650000095367432,6.599999904632568
2015-06-29,6.550000190734863,6.5
2015-06-30,6.550000190734863,6.400000095367432
2015-07-01,6.449999809265137,6.300000190734863
2015-07-02,6.349999904632568,6.150000095367432
2015-07-03,6.150000095367432,6.150000095367432
2015-07-06,6.150000095367432,6.0
2015-07-07,5.949999809265137,5.849999904632568
2015-07-08,5.849999904632568,6.099999904632568
2015-07-10,6.199999809265137,6.150000095367432
2015-07-13,6.099999904632568,6.599999904632568
2015-07-14,6.650000095367432,6.400000095367432
2015-07-15,6.349999904632568,6.25
2015-07-16,6.349999904632568,6.199999809265137
2015-07-17,6.25,6.300000190734863
2015-07-20,6.25,6.050000190734863
2015-07-21,6.099999904632568,5.949999809265137
2015-07-22,5.900000095367432,5.75
2015-07-23,5.75,5.650000095367432
2015-07-24,5.699999809265137,5.400000095367432
2015-07-27,5.400000095367432,5.099999904632568
2015-07-28,5.199999809265137,5.300000190734863
2015-07-29,5.300000190734863,5.150000095367432
2015-07-30,5.300000190734863,5.099999904632568
2015-07-31,5.150000095367432,5.0
2015-08-03,5.0,4.699999809265137
2015-08-04,4.75,4.5
2015-08-05,4.5,4.25
2015-08-06,4.25,4.349999904632568
2015-08-07,4.300000190734863,4.25
2015-08-10,4.25,4.099999904632568
2015-08-11,4.099999904632568,3.9000000953674316
2015-08-12,3.8499999046325684,3.75
2015-08-13,3.9000000953674316,3.8499999046325684
2015-08-14,3.8499999046325684,3.75
2015-08-17,3.6500000953674316,3.5
2015-08-18,3.5,3.299999952316284
2015-08-19,3.25,3.200000047683716
2015-08-20,3.25,3.450000047683716
2015-08-21,3.450000047683716,3.450000047683716
2015-08-24,3.25,3.200000047683716
2015-08-25,3.299999952316284,3.25
2015-08-26,3.200000047683716,3.3499999046325684
2015-08-27,3.299999952316284,3.299999952316284
2015-08-28,3.299999952316284,3.25
2015-08-31,3.25,3.1500000953674316
2015-09-01,3.0999999046325684,2.75
2015-09-02,2.700000047683716,2.700000047683716
2015-09-03,2.700000047683716,2.700000047683716
2015-09-04,2.6500000953674316,2.700000047683716
2015-09-08,2.75,2.6500000953674316
2015-09-09,2.700000047683716,2.799999952316284
2015-09-10,2.6500000953674316,2.8499999046325684
2015-09-11,2.9000000953674316,3.0
2015-09-14,3.049999952316284,2.799999952316284
2015-09-15,2.799999952316284,2.8499999046325684
2015-09-16,2.8499999046325684,2.8499999046325684
2015-09-17,2.799999952316284,3.700000047683716
2015-09-18,4.099999904632568,4.849999904632568
2015-09-21,5.300000190734863,4.349999904632568
2015-09-22,4.150000095367432,3.950000047683716
2015-09-23,4.0,3.3499999046325684
2015-09-24,3.3499999046325684,4.150000095367432
2015-09-25,4.5,4.650000095367432
2015-09-28,4.650000095367432,4.650000095367432
2015-09-29,4.849999904632568,4.449999809265137
2015-09-30,4.599999904632568,4.099999904632568
2015-10-01,4.099999904632568,4.0
2015-10-02,4.0,3.9000000953674316
2015-10-05,4.050000190734863,4.599999904632568
2015-10-06,4.800000190734863,4.650000095367432
2015-10-07,4.75,4.599999904632568
2015-10-08,4.550000190734863,4.550000190734863
2015-10-09,4.550000190734863,6.099999904632568
2015-10-13,5.849999904632568,5.349999904632568
2015-10-14,5.449999809265137,5.150000095367432
2015-10-15,5.300000190734863,5.150000095367432
2015-10-16,5.199999809265137,5.099999904632568
2015-10-19,5.099999904632568,5.0
2015-10-20,5.050000190734863,5.400000095367432
2015-10-21,5.449999809265137,5.25
2015-10-22,5.25,5.099999904632568
2015-10-23,5.150000095367432,5.099999904632568
2015-10-26,5.150000095367432,5.050000190734863
2015-10-27,5.050000190734863,4.599999904632568
2015-10-28,4.650000095367432,4.449999809265137
2015-10-29,4.5,4.550000190734863
2015-10-30,4.599999904632568,4.599999904632568
2015-11-03,4.699999809265137,4.650000095367432
2015-11-04,4.650000095367432,4.75
2015-11-05,4.699999809265137,4.599999904632568
2015-11-06,4.599999904632568,4.550000190734863
2015-11-09,4.550000190734863,4.5
2015-11-10,4.5,4.400000095367432
2015-11-11,4.449999809265137,4.349999904632568
2015-11-12,4.349999904632568,4.050000190734863
2015-11-13,4.0,4.050000190734863
2015-11-16,4.0,4.050000190734863
2015-11-17,4.050000190734863,4.300000190734863
2015-11-18,4.349999904632568,4.150000095367432
2015-11-19,4.199999809265137,4.050000190734863
2015-11-23,4.050000190734863,3.950000047683716
2015-11-24,3.950000047683716,4.0
2015-11-25,4.0,4.050000190734863
2015-11-26,4.099999904632568,4.099999904632568
2015-11-27,4.099999904632568,3.75
2015-11-30,3.75,3.1500000953674316
2015-12-01,3.200000047683716,3.25
2015-12-02,3.299999952316284,3.75
2015-12-03,3.950000047683716,4.349999904632568
2015-12-04,4.349999904632568,3.799999952316284
2015-12-07,3.9000000953674316,3.950000047683716
2015-12-08,4.0,3.8499999046325684
2015-12-09,4.0,4.0
2015-12-10,3.950000047683716,3.950000047683716
2015-12-11,3.950000047683716,3.8499999046325684
2015-12-14,3.8499999046325684,3.6500000953674316
2015-12-15,3.6500000953674316,3.75
2015-12-16,3.700000047683716,3.700000047683716
2015-12-17,3.75,3.6500000953674316
2015-12-18,3.6500000953674316,3.4000000953674316
2015-12-21,3.5,3.5
2015-12-22,3.5,3.5
2015-12-23,3.5,3.4000000953674316
2015-12-28,3.450000047683716,3.4000000953674316
2015-12-29,3.4000000953674316,3.25
2015-12-30,3.25,3.200000047683716
2016-01-04,3.1500000953674316,3.200000047683716
2016-01-05,3.450000047683716,3.549999952316284
2016-01-06,3.5,3.25
2016-01-07,3.200000047683716,2.9000000953674316
2016-01-08,3.049999952316284,3.0
2016-01-11,3.1500000953674316,3.0
2016-01-12,3.049999952316284,3.0
2016-01-13,3.0,2.9000000953674316
2016-01-14,2.9000000953674316,2.75
2016-01-15,2.75,2.549999952316284
2016-01-18,2.5999999046325684,2.4000000953674316
2016-01-19,2.4100000858306885,2.069999933242798
2016-01-20,2.0,2.190000057220459
2016-01-21,2.1500000953674316,2.0
2016-01-22,2.0299999713897705,2.069999933242798
2016-01-26,2.0,2.0
2016-01-27,2.0,1.9600000381469727
2016-01-28,1.9800000190734863,1.9700000286102295
2016-01-29,1.9600000381469727,1.9600000381469727
2016-02-01,1.9800000190734863,2.0
2016-02-02,2.0,2.200000047683716
2016-02-03,2.4100000858306885,3.5
2016-02-04,4.099999904632568,4.079999923706055
2016-02-05,3.9000000953674316,4.159999847412109
2016-02-10,3.950000047683716,3.869999885559082
2016-02-11,4.0,3.8399999141693115
2016-02-12,3.990000009536743,3.75
2016-02-15,3.880000114440918,3.8499999046325684
2016-02-16,3.9700000286102295,4.659999847412109
2016-02-17,4.920000076293945,4.21999979019165
2016-02-18,4.179999828338623,3.950000047683716
2016-02-19,3.880000114440918,3.930000066757202
2016-02-22,4.150000095367432,4.050000190734863
2016-02-23,4.070000171661377,4.070000171661377
2016-02-24,3.950000047683716,4.0
2016-02-25,4.150000095367432,4.380000114440918
2016-02-26,4.510000228881836,4.199999809265137
2016-02-29,4.320000171661377,4.110000133514404
2016-03-01,4.21999979019165,4.050000190734863
2016-03-02,4.059999942779541,4.130000114440918
2016-03-03,4.139999866485596,4.5
2016-03-04,4.789999961853027,4.210000038146973
2016-03-07,4.349999904632568,4.829999923706055
2016-03-08,4.579999923706055,5.360000133514404
2016-03-09,5.610000133514404,5.369999885559082
2016-03-10,5.559999942779541,4.880000114440918
2016-03-11,5.139999866485596,5.079999923706055
2016-03-14,5.199999809265137,4.860000133514404
2016-03-15,4.849999904632568,4.099999904632568
2016-03-16,4.159999847412109,4.079999923706055
2016-03-17,4.289999961853027,4.199999809265137
2016-03-18,4.159999847412109,4.03000020980835
2016-03-21,4.119999885559082,4.150000095367432
2016-03-22,4.179999828338623,4.5
2016-03-23,4.480000019073486,4.920000076293945
2016-03-24,4.96999979019165,4.630000114440918
2016-03-28,4.739999771118164,4.619999885559082
2016-03-29,4.690000057220459,4.579999923706055
2016-03-30,5.269999980926514,5.400000095367432
2016-03-31,5.400000095367432,4.809999942779541
2016-04-01,4.900000095367432,4.730000019073486
2016-04-04,4.739999771118164,4.349999904632568
2016-04-05,4.349999904632568,4.199999809265137
2016-04-06,4.230000019073486,3.950000047683716
2016-04-07,3.990000009536743,3.859999895095825
2016-04-08,4.0,4.059999942779541
2016-04-11,3.930000066757202,4.170000076293945
2016-04-12,4.269999980926514,4.269999980926514
2016-04-13,4.380000114440918,4.71999979019165
2016-04-14,4.889999866485596,4.210000038146973
2016-04-15,4.300000190734863,4.53000020980835
2016-04-18,4.599999904632568,4.460000038146973
2016-04-19,4.510000228881836,4.650000095367432
2016-04-20,4.53000020980835,4.590000152587891
2016-04-22,4.550000190734863,4.739999771118164
2016-04-25,4.769999980926514,4.599999904632568
2016-04-26,4.650000095367432,4.829999923706055
2016-04-27,4.820000171661377,4.900000095367432
2016-04-28,4.940000057220459,5.050000190734863
2016-04-29,5.079999923706055,5.050000190734863
2016-05-02,5.150000095367432,4.789999961853027
2016-05-03,4.75,4.510000228881836
2016-05-04,4.579999923706055,4.599999904632568
2016-05-05,4.630000114440918,4.420000076293945
2016-05-06,4.300000190734863,4.230000019073486
2016-05-09,4.28000020980835,4.050000190734863
2016-05-10,4.21999979019165,4.230000019073486
2016-05-11,4.329999923706055,4.400000095367432
2016-05-12,4.5,4.400000095367432
2016-05-13,4.329999923706055,4.170000076293945
2016-05-16,4.170000076293945,4.25
2016-05-17,4.170000076293945,4.300000190734863
2016-05-18,4.300000190734863,4.349999904632568
2016-05-19,4.300000190734863,4.179999828338623
2016-05-20,4.239999771118164,4.159999847412109
2016-05-23,4.099999904632568,4.010000228881836
2016-05-24,4.079999923706055,4.079999923706055
2016-05-25,4.090000152587891,4.199999809265137
2016-05-27,4.139999866485596,4.050000190734863
2016-05-30,4.0,4.190000057220459
2016-05-31,4.159999847412109,4.199999809265137
2016-06-01,4.21999979019165,4.159999847412109
2016-06-02,4.21999979019165,4.050000190734863
2016-06-03,4.050000190734863,3.7799999713897705
2016-06-06,3.7799999713897705,3.5999999046325684
2016-06-07,3.5999999046325684,3.430000066757202
2016-06-08,3.4700000286102295,3.3499999046325684
2016-06-09,3.3399999141693115,3.2699999809265137
2016-06-10,3.200000047683716,3.240000009536743
2016-06-13,3.180000066757202,3.240000009536743
2016-06-14,3.2100000381469727,3.0799999237060547
2016-06-15,3.049999952316284,3.0399999618530273
2016-06-16,3.0399999618530273,3.0299999713897705
2016-06-17,3.049999952316284,3.049999952316284
2016-06-20,3.0899999141693115,3.059999942779541
2016-06-21,3.049999952316284,3.049999952316284
2016-06-22,3.049999952316284,3.0299999713897705
2016-06-23,3.049999952316284,3.069999933242798
2016-06-24,3.0,2.990000009536743
2016-06-27,3.009999990463257,2.9200000762939453
2016-06-28,2.9700000286102295,2.869999885559082
2016-06-29,2.880000114440918,2.8299999237060547
2016-06-30,2.819999933242798,2.940000057220459
2016-07-01,2.950000047683716,3.140000104904175
2016-07-04,3.140000104904175,3.200000047683716
2016-07-05,3.1600000858306885,3.059999942779541
2016-07-06,3.119999885559082,3.0799999237060547
2016-07-07,3.0799999237060547,3.5
2016-07-08,3.5,3.549999952316284
2016-07-11,3.5299999713897705,3.6600000858306885
2016-07-12,3.690000057220459,3.4800000190734863
2016-07-13,3.4800000190734863,3.430000066757202
2016-07-14,3.4800000190734863,3.7799999713897705
2016-07-15,3.8299999237060547,3.799999952316284
2016-07-18,3.859999895095825,4.139999866485596
2016-07-19,4.150000095367432,4.400000095367432
2016-07-20,4.550000190734863,4.309999942779541
2016-07-21,4.369999885559082,4.300000190734863
2016-07-22,4.389999866485596,4.289999961853027
2016-07-25,4.309999942779541,4.309999942779541
2016-07-26,4.309999942779541,4.360000133514404
2016-07-27,4.400000095367432,4.25
2016-07-28,4.28000020980835,4.050000190734863
2016-07-29,4.050000190734863,4.260000228881836
2016-08-01,4.25,4.179999828338623
2016-08-02,4.21999979019165,4.309999942779541
2016-08-03,4.309999942779541,4.260000228881836
2016-08-04,4.260000228881836,5.099999904632568
2016-08-05,5.099999904632568,5.590000152587891
2016-08-08,5.710000038146973,4.96999979019165
2016-08-09,5.050000190734863,4.78000020980835
2016-08-10,4.900000095367432,4.849999904632568
2016-08-11,4.889999866485596,5.159999847412109
2016-08-12,5.150000095367432,4.840000152587891
2016-08-15,4.860000133514404,4.849999904632568
2016-08-16,4.849999904632568,4.789999961853027
2016-08-17,4.800000190734863,4.730000019073486
2016-08-18,4.730000019073486,4.940000057220459
2016-08-19,4.980000019073486,4.860000133514404
2016-08-22,4.860000133514404,4.800000190734863
2016-08-23,4.860000133514404,4.71999979019165
2016-08-24,4.75,4.769999980926514
2016-08-25,4.869999885559082,4.699999809265137
2016-08-26,4.769999980926514,4.579999923706055
2016-08-29,4.610000133514404,4.539999961853027
2016-08-30,4.5,4.420000076293945
2016-08-31,4.460000038146973,4.309999942779541
2016-09-01,4.429999828338623,4.25
2016-09-02,4.28000020980835,4.300000190734863
2016-09-05,4.320000171661377,4.460000038146973
2016-09-06,4.449999809265137,4.389999866485596
2016-09-08,4.389999866485596,4.289999961853027
2016-09-09,4.260000228881836,4.199999809265137
2016-09-12,4.190000057220459,4.239999771118164
2016-09-13,4.289999961853027,4.099999904632568
2016-09-14,4.130000114440918,4.199999809265137
2016-09-15,4.289999961853027,4.179999828338623
2016-09-16,4.21999979019165,4.099999904632568
2016-09-19,4.119999885559082,3.990000009536743
2016-09-20,4.0,3.859999895095825
2016-09-21,3.869999885559082,3.990000009536743
2016-09-22,4.039999961853027,4.019999980926514
2016-09-23,4.070000171661377,3.930000066757202
2016-09-26,3.9700000286102295,3.859999895095825
2016-09-27,3.8399999141693115,3.869999885559082
2016-09-28,3.880000114440918,3.819999933242798
2016-09-29,3.8499999046325684,3.700000047683716
2016-09-30,3.7699999809265137,3.690000057220459
2016-10-03,3.759999990463257,4.0
2016-10-04,4.0,3.990000009536743
2016-10-05,3.9700000286102295,4.0
2016-10-06,4.059999942779541,3.950000047683716
2016-10-07,3.990000009536743,3.9100000858306885
2016-10-10,3.9700000286102295,4.019999980926514
2016-10-11,3.990000009536743,3.930000066757202
2016-10-13,3.930000066757202,3.9000000953674316
2016-10-14,3.950000047683716,3.890000104904175
2016-10-17,3.940000057220459,3.950000047683716
2016-10-18,3.9600000381469727,3.990000009536743
2016-10-19,3.990000009536743,4.320000171661377
2016-10-20,4.25,4.050000190734863
2016-10-21,4.070000171661377,4.150000095367432
2016-10-24,4.230000019073486,4.090000152587891
2016-10-25,4.090000152587891,3.940000057220459
2016-10-26,3.9200000762939453,3.9200000762939453
2016-10-27,3.930000066757202,3.869999885559082
2016-10-28,3.880000114440918,3.940000057220459
2016-10-31,4.039999961853027,3.9200000762939453
2016-11-01,3.9600000381469727,3.869999885559082
2016-11-03,3.869999885559082,3.8299999237060547
2016-11-04,3.869999885559082,3.809999942779541
2016-11-07,3.869999885559082,3.880000114440918
2016-11-08,3.950000047683716,3.880000114440918
2016-11-09,3.7899999618530273,3.700000047683716
2016-11-10,3.7100000381469727,3.6600000858306885
2016-11-11,3.630000114440918,3.430000066757202
2016-11-14,3.430000066757202,3.299999952316284
2016-11-16,3.3499999046325684,3.180000066757202
2016-11-17,3.2100000381469727,3.2200000286102295
2016-11-18,3.190000057220459,3.140000104904175
2016-11-21,3.1700000762939453,3.1600000858306885
2016-11-22,3.180000066757202,3.2100000381469727
2016-11-23,3.1700000762939453,3.2799999713897705
2016-11-24,3.299999952316284,3.3399999141693115
2016-11-25,3.3399999141693115,3.25
2016-11-28,3.240000009536743,3.200000047683716
2016-11-29,3.2200000286102295,3.190000057220459
2016-11-30,3.2200000286102295,3.1500000953674316
2016-12-01,3.1600000858306885,2.9700000286102295
2016-12-02,2.990000009536743,2.9000000953674316
2016-12-05,2.9600000381469727,2.9100000858306885
2016-12-06,2.9800000190734863,2.940000057220459
2016-12-07,2.9700000286102295,2.859999895095825
2016-12-08,2.9000000953674316,2.809999942779541
2016-12-09,2.9200000762939453,2.859999895095825
2016-12-12,2.8499999046325684,2.859999895095825
2016-12-13,2.880000114440918,2.8499999046325684
2016-12-14,2.869999885559082,2.8399999141693115
2016-12-15,2.859999895095825,2.8299999237060547
2016-12-16,2.869999885559082,2.9000000953674316
2016-12-19,2.9200000762939453,2.8499999046325684
2016-12-20,2.8499999046325684,2.8499999046325684
2016-12-21,2.869999885559082,2.869999885559082
2016-12-22,2.9100000858306885,2.9000000953674316
2016-12-23,2.9000000953674316,2.8499999046325684
2016-12-26,2.859999895095825,2.8399999141693115
2016-12-27,2.8499999046325684,2.819999933242798
2016-12-28,2.8399999141693115,2.740000009536743
2016-12-29,2.7699999809265137,2.700000047683716
2017-01-02,2.740000009536743,2.9000000953674316
2017-01-03,2.9000000953674316,2.8399999141693115
2017-01-04,2.859999895095825,2.9700000286102295
2017-01-05,3.0399999618530273,3.2300000190734863
2017-01-06,3.2799999713897705,3.200000047683716
2017-01-09,3.2300000190734863,3.25
2017-01-10,3.299999952316284,3.509999990463257
2017-01-11,3.5799999237060547,4.059999942779541
2017-01-12,4.349999904632568,4.039999961853027
2017-01-13,4.03000020980835,3.809999942779541
2017-01-16,3.819999933242798,4.639999866485596
2017-01-17,4.840000152587891,6.639999866485596
2017-01-18,7.75,7.0
2017-01-19,7.349999904632568,7.5
2017-01-20,7.639999866485596,7.5
2017-01-23,7.510000228881836,7.920000076293945
2017-01-24,8.0,7.639999866485596
2017-01-26,8.15999984741211,7.480000019073486
2017-01-27,7.429999828338623,7.699999809265137
2017-01-30,7.599999904632568,7.809999942779541
2017-01-31,7.880000114440918,8.199999809265137
2017-02-01,8.5600004196167,8.800000190734863
2017-02-02,8.90999984741211,8.9399995803833
2017-02-03,9.039999961853027,9.0
2017-02-06,9.270000457763672,10.3100004196167
2017-02-07,10.720000267028809,9.75
2017-02-08,9.869999885559082,9.029999732971191
2017-02-09,9.119999885559082,9.180000305175781
2017-02-10,9.390000343322754,9.220000267028809
2017-02-13,9.25,9.0
2017-02-14,9.050000190734863,9.079999923706055
2017-02-15,9.0600004196167,9.369999885559082
2017-02-16,9.479999542236328,9.329999923706055
2017-02-17,9.489999771118164,9.449999809265137
2017-02-20,9.600000381469727,9.449999809265137
2017-02-21,9.569999694824219,9.199999809265137
2017-02-22,9.100000381469727,8.40999984741211
2017-02-23,8.640000343322754,7.099999904632568
2017-02-24,7.099999904632568,7.150000095367432
2017-03-01,7.309999942779541,8.9399995803833
2017-03-02,8.680000305175781,8.619999885559082
2017-03-03,8.699999809265137,8.850000381469727
2017-03-06,8.859999656677246,8.319999694824219
2017-03-07,8.329999923706055,8.100000381469727
2017-03-08,8.210000038146973,7.659999847412109
2017-03-09,7.699999809265137,7.800000190734863
2017-03-10,8.199999809265137,7.789999961853027
2017-03-13,7.840000152587891,7.639999866485596
2017-03-14,7.739999771118164,7.78000020980835
2017-03-15,7.789999961853027,7.980000019073486
2017-03-16,8.079999923706055,7.739999771118164
2017-03-17,7.809999942779541,7.400000095367432
2017-03-20,7.489999771118164,7.400000095367432
2017-03-21,7.480000019073486,7.599999904632568
2017-03-22,7.599999904632568,7.489999771118164
2017-03-23,7.570000171661377,7.619999885559082
2017-03-24,7.699999809265137,7.449999809265137
2017-03-27,7.440000057220459,7.489999771118164
2017-03-28,7.409999847412109,7.210000038146973
2017-03-29,7.269999980926514,7.570000171661377
2017-03-30,7.570000171661377,7.5
2017-03-31,7.599999904632568,7.5
2017-04-03,7.5,7.449999809265137
2017-04-04,7.53000020980835,7.210000038146973
2017-04-05,7.289999961853027,6.510000228881836
2017-04-06,6.630000114440918,6.679999828338623
2017-04-07,6.679999828338623,6.400000095367432
2017-04-10,6.400000095367432,6.440000057220459
2017-04-11,6.440000057220459,6.300000190734863
2017-04-12,6.289999961853027,5.909999847412109
2017-04-13,5.949999809265137,5.639999866485596
2017-04-17,5.639999866485596,5.880000114440918
2017-04-18,5.940000057220459,6.440000057220459
2017-04-19,6.53000020980835,6.309999942779541
2017-04-20,6.360000133514404,6.21999979019165
2017-04-24,6.380000114440918,6.010000228881836
2017-04-25,6.050000190734863,6.289999961853027
2017-04-26,6.289999961853027,6.260000228881836
2017-04-27,6.329999923706055,6.039999961853027
2017-04-28,6.079999923706055,6.300000190734863
2017-05-02,6.28000020980835,7.949999809265137
2017-05-03,7.949999809265137,8.600000381469727
2017-05-04,8.600000381469727,7.949999809265137
2017-05-05,7.980000019073486,7.849999904632568
2017-05-08,7.869999885559082,7.760000228881836
2017-05-09,7.909999847412109,8.140000343322754
2017-05-10,8.15999984741211,7.900000095367432
2017-05-11,7.949999809265137,7.539999961853027
2017-05-12,7.570000171661377,8.050000190734863
2017-05-15,8.130000114440918,8.0
2017-05-16,8.149999618530273,8.0600004196167
2017-05-17,8.050000190734863,7.860000133514404
2017-05-18,6.0,6.03000020980835
2017-05-19,6.320000171661377,6.409999847412109
2017-05-22,6.400000095367432,6.079999923706055
2017-05-23,6.119999885559082,6.090000152587891
2017-05-24,6.119999885559082,6.409999847412109
2017-05-25,6.400000095367432,6.599999904632568
2017-05-26,6.699999809265137,6.690000057220459
2017-05-29,6.690000057220459,6.690000057220459
2017-05-30,7.079999923706055,6.980000019073486
2017-05-31,7.099999904632568,7.179999828338623
2017-06-01,7.199999809265137,6.96999979019165
2017-06-02,7.059999942779541,6.900000095367432
2017-06-05,6.949999809265137,7.010000228881836
2017-06-06,7.010000228881836,7.090000152587891
2017-06-07,7.130000114440918,7.440000057220459
2017-06-08,7.449999809265137,8.829999923706055
2017-06-09,8.600000381469727,8.59000015258789
2017-06-12,8.720000267028809,8.65999984741211
2017-06-13,8.699999809265137,8.1899995803833
2017-06-14,8.180000305175781,8.229999542236328
2017-06-15,8.229999542236328,8.229999542236328
2017-06-16,8.220000267028809,8.279999732971191
2017-06-19,8.380000114440918,8.020000457763672
2017-06-20,8.010000228881836,7.510000228881836
2017-06-21,7.519999980926514,7.190000057220459
2017-06-22,7.199999809265137,7.199999809265137
2017-06-23,7.130000114440918,7.070000171661377
2017-06-26,7.090000152587891,7.760000228881836
2017-06-27,7.829999923706055,7.550000190734863
2017-06-28,7.570000171661377,7.28000020980835
2017-06-29,7.630000114440918,7.449999809265137
2017-06-30,7.539999961853027,7.349999904632568
2017-07-03,7.369999885559082,7.46999979019165
2017-07-04,7.510000228881836,7.460000038146973
2017-07-05,7.480000019073486,7.440000057220459
2017-07-06,7.489999771118164,7.21999979019165
2017-07-07,7.199999809265137,7.170000076293945
2017-07-10,7.199999809265137,7.25
2017-07-11,7.239999771118164,7.409999847412109
2017-07-12,7.519999980926514,7.300000190734863
2017-07-13,7.400000095367432,7.28000020980835
2017-07-14,7.329999923706055,7.440000057220459
2017-07-17,7.480000019073486,7.21999979019165
2017-07-18,7.239999771118164,7.309999942779541
2017-07-19,7.320000171661377,7.28000020980835
2017-07-20,7.429999828338623,7.199999809265137
2017-07-21,7.179999828338623,7.150000095367432
2017-07-24,7.150000095367432,7.269999980926514
2017-07-25,7.289999961853027,7.150000095367432
2017-07-26,7.139999866485596,7.199999809265137
2017-07-27,7.239999771118164,7.099999904632568
2017-07-28,7.130000114440918,7.159999847412109
2017-07-31,7.150000095367432,7.099999904632568
2017-08-01,7.099999904632568,7.019999980926514
2017-08-02,7.019999980926514,7.050000190734863
2017-08-03,7.090000152587891,7.070000171661377
2017-08-04,7.099999904632568,7.010000228881836
2017-08-07,7.019999980926514,7.300000190734863
2017-08-08,7.360000133514404,7.179999828338623
2017-08-09,7.199999809265137,7.130000114440918
2017-08-10,7.170000076293945,7.199999809265137
2017-08-11,7.139999866485596,7.050000190734863
2017-08-14,7.159999847412109,7.130000114440918
2017-08-15,7.079999923706055,7.019999980926514
2017-08-16,7.03000020980835,7.079999923706055
2017-08-17,7.03000020980835,7.010000228881836
2017-08-18,7.010000228881836,7.079999923706055
2017-08-21,7.059999942779541,7.0
2017-08-22,7.050000190734863,6.96999979019165
2017-08-23,7.0,6.900000095367432
2017-08-24,6.900000095367432,7.090000152587891
2017-08-25,7.099999904632568,7.019999980926514
2017-08-28,7.03000020980835,7.0
2017-08-29,7.03000020980835,7.019999980926514
2017-08-30,7.079999923706055,7.099999904632568
2017-08-31,7.099999904632568,7.050000190734863
2017-09-01,7.050000190734863,7.0
2017-09-04,7.0,7.0
2017-09-05,7.019999980926514,7.429999828338623
2017-09-06,7.53000020980835,7.340000152587891
2017-09-07,7.340000152587891,7.340000152587891
2017-09-08,7.260000228881836,7.699999809265137
2017-09-11,7.699999809265137,8.329999923706055
2017-09-12,8.359999656677246,7.710000038146973
2017-09-13,7.760000228881836,7.96999979019165
2017-09-14,7.96999979019165,8.109999656677246
2017-09-15,8.029999732971191,8.149999618530273
2017-09-18,8.260000228881836,8.289999961853027
2017-09-19,8.359999656677246,8.140000343322754
2017-09-20,8.210000038146973,8.0
2017-09-21,8.069999694824219,7.800000190734863
2017-09-22,7.849999904632568,7.769999980926514
2017-09-25,7.789999961853027,7.28000020980835
2017-09-26,7.300000190734863,7.170000076293945
2017-09-27,7.230000019073486,7.190000057220459
2017-09-28,7.190000057220459,7.199999809265137
2017-09-29,7.260000228881836,7.289999961853027
2017-10-02,7.369999885559082,7.190000057220459
2017-10-03,7.25,7.349999904632568
2017-10-04,7.360000133514404,7.460000038146973
2017-10-05,7.519999980926514,7.230000019073486
2017-10-06,7.230000019073486,7.269999980926514
2017-10-09,7.309999942779541,7.25
2017-10-10,7.25,7.230000019073486
2017-10-11,7.340000152587891,7.409999847412109
2017-10-12,7.409999847412109,7.409999847412109
2017-10-13,7.360000133514404,7.239999771118164
2017-10-16,7.320000171661377,7.25
2017-10-17,7.199999809265137,7.119999885559082
2017-10-18,7.25,7.199999809265137
2017-10-19,7.25,7.199999809265137
2017-10-20,7.199999809265137,7.130000114440918
2017-10-23,7.159999847412109,7.190000057220459
2017-10-24,7.159999847412109,7.139999866485596
2017-10-25,7.159999847412109,7.079999923706055
2017-10-26,7.170000076293945,7.050000190734863
2017-10-27,7.099999904632568,6.900000095367432
2017-10-30,6.929999828338623,6.670000076293945
2017-10-31,6.760000228881836,6.559999942779541
2017-11-01,6.599999904632568,6.800000190734863
2017-11-02,6.800000190734863,6.800000190734863
2017-11-03,6.75,6.730000019073486
2017-11-06,6.579999923706055,6.690000057220459
2017-11-07,6.690000057220459,6.579999923706055
2017-11-08,6.579999923706055,6.579999923706055
2017-11-09,6.630000114440918,6.639999866485596
2017-11-10,6.619999885559082,6.639999866485596
2017-11-13,6.599999904632568,6.550000190734863
2017-11-14,6.519999980926514,5.900000095367432
2017-11-15,5.900000095367432,5.900000095367432
2017-11-16,6.0,6.159999847412109
2017-11-17,6.239999771118164,6.260000228881836
2017-11-20,6.260000228881836,6.260000228881836
2017-11-21,6.349999904632568,6.550000190734863
2017-11-22,6.599999904632568,6.480000019073486
2017-11-23,6.449999809265137,6.449999809265137
2017-11-24,6.489999771118164,6.570000171661377
2017-11-27,6.480000019073486,6.510000228881836
2017-11-28,6.46999979019165,6.489999771118164
2017-11-29,6.539999961853027,6.5
2017-11-30,6.539999961853027,6.300000190734863
2017-12-01,6.329999923706055,6.349999904632568
2017-12-04,6.349999904632568,6.300000190734863
2017-12-05,6.349999904632568,6.449999809265137
2017-12-06,6.360000133514404,6.309999942779541
2017-12-07,6.329999923706055,6.349999904632568
2017-12-08,6.400000095367432,6.53000020980835
2017-12-11,6.53000020980835,6.730000019073486
2017-12-12,6.699999809265137,6.789999961853027
2017-12-13,6.800000190734863,6.590000152587891
2017-12-14,6.630000114440918,6.480000019073486
2017-12-15,6.510000228881836,6.380000114440918
2017-12-18,6.380000114440918,6.300000190734863
2017-12-19,6.25,6.150000095367432
2017-12-20,6.139999866485596,6.210000038146973
2017-12-21,6.210000038146973,6.260000228881836
2017-12-22,6.599999904632568,6.940000057220459
2017-12-25,6.940000057220459,6.940000057220459
2017-12-26,7.010000228881836,7.119999885559082
2017-12-27,7.150000095367432,7.010000228881836
2017-12-28,7.03000020980835,7.190000057220459
2017-12-29,7.190000057220459,7.190000057220459
2018-01-02,7.199999809265137,7.28000020980835
2018-01-03,7.329999923706055,7.099999904632568
2018-01-04,7.179999828338623,7.210000038146973
2018-01-05,7.210000038146973,7.21999979019165
2018-01-08,7.21999979019165,7.21999979019165
2018-01-09,7.159999847412109,7.019999980926514
2018-01-10,7.090000152587891,7.099999904632568
2018-01-11,7.179999828338623,6.980000019073486
2018-01-12,6.980000019073486,6.760000228881836
2018-01-15,6.800000190734863,6.739999771118164
2018-01-16,6.75,6.820000171661377
2018-01-17,6.900000095367432,6.730000019073486
2018-01-18,6.75,6.809999942779541
2018-01-19,6.800000190734863,6.650000095367432
2018-01-22,6.699999809265137,7.25
2018-01-23,7.289999961853027,6.889999866485596
2018-01-24,6.900000095367432,6.989999771118164
2018-01-25,6.989999771118164,6.989999771118164
2018-01-26,6.989999771118164,7.25
2018-01-29,7.159999847412109,7.099999904632568
2018-01-30,7.070000171661377,7.079999923706055
2018-01-31,7.050000190734863,7.010000228881836
2018-02-01,7.039999961853027,7.070000171661377
2018-02-02,7.119999885559082,7.079999923706055
2018-02-05,7.139999866485596,6.900000095367432
2018-02-06,6.900000095367432,6.829999923706055
2018-02-07,6.829999923706055,6.909999847412109
2018-02-08,6.909999847412109,6.900000095367432
2018-02-09,6.789999961853027,6.71999979019165
2018-02-14,6.800000190734863,7.03000020980835
2018-02-15,7.039999961853027,6.920000076293945
2018-02-16,6.949999809265137,7.079999923706055
2018-02-19,7.099999904632568,7.119999885559082
2018-02-20,7.099999904632568,7.079999923706055
2018-02-21,7.03000020980835,7.0
2018-02-22,7.0,6.949999809265137
2018-02-23,6.940000057220459,6.96999979019165
2018-02-26,7.010000228881836,6.940000057220459
2018-02-27,6.940000057220459,6.949999809265137
2018-02-28,7.0,6.989999771118164
2018-03-01,6.949999809265137,6.880000114440918
2018-03-02,6.900000095367432,6.869999885559082
2018-03-05,6.820000171661377,6.900000095367432
2018-03-06,6.889999866485596,6.260000228881836
2018-03-07,6.260000228881836,6.449999809265137
2018-03-08,6.440000057220459,6.489999771118164
2018-03-09,6.489999771118164,6.369999885559082
2018-03-12,6.429999828338623,6.349999904632568
2018-03-13,6.420000076293945,6.099999904632568
2018-03-14,6.130000114440918,6.050000190734863
2018-03-15,6.090000152587891,6.03000020980835
2018-03-16,6.130000114440918,6.110000133514404
2018-03-19,6.190000057220459,6.139999866485596
2018-03-20,6.230000019073486,6.239999771118164
2018-03-21,6.179999828338623,6.269999980926514
2018-03-22,6.269999980926514,6.400000095367432
2018-03-23,6.449999809265137,6.349999904632568
2018-03-26,6.449999809265137,6.400000095367432
2018-03-27,6.400000095367432,6.579999923706055
2018-03-28,6.590000152587891,6.170000076293945
2018-03-29,6.210000038146973,6.539999961853027
2018-04-02,6.539999961853027,6.349999904632568
2018-04-03,6.420000076293945,6.489999771118164
2018-04-04,6.510000228881836,6.53000020980835
2018-04-05,6.599999904632568,6.570000171661377
2018-04-06,6.570000171661377,6.630000114440918
2018-04-09,6.650000095367432,6.570000171661377
2018-04-10,6.599999904632568,6.400000095367432
2018-04-11,6.440000057220459,6.380000114440918
2018-04-12,6.429999828338623,6.420000076293945
2018-04-13,6.489999771118164,6.360000133514404
2018-04-16,6.429999828338623,6.050000190734863
2018-04-17,6.159999847412109,6.639999866485596
2018-04-18,6.639999866485596,6.840000152587891
2018-04-19,6.75,6.849999904632568
2018-04-20,6.829999923706055,6.710000038146973
2018-04-23,6.75,6.96999979019165
2018-04-24,6.980000019073486,6.769999980926514
2018-04-25,6.699999809265137,6.920000076293945
2018-04-26,6.989999771118164,6.900000095367432
2018-04-27,6.980000019073486,6.75
2018-04-30,6.78000020980835,6.889999866485596
2018-05-02,6.800000190734863,6.5
2018-05-03,6.550000190734863,6.5
2018-05-04,6.599999904632568,6.150000095367432
2018-05-07,6.199999809265137,6.349999904632568
2018-05-08,6.420000076293945,6.539999961853027
2018-05-09,6.539999961853027,6.690000057220459
2018-05-10,6.610000133514404,6.420000076293945
2018-05-11,6.460000038146973,6.25
2018-05-14,6.300000190734863,6.210000038146973
2018-05-15,6.210000038146973,6.21999979019165
2018-05-16,6.25,6.349999904632568
2018-05-17,6.369999885559082,6.320000171661377
2018-05-18,6.239999771118164,6.329999923706055
2018-05-21,6.340000152587891,6.289999961853027
2018-05-22,6.260000228881836,6.409999847412109
2018-05-23,6.400000095367432,6.179999828338623
2018-05-24,6.210000038146973,6.110000133514404
2018-05-25,6.139999866485596,6.099999904632568
2018-05-28,6.25,5.900000095367432
2018-05-29,5.96999979019165,6.070000171661377
2018-05-30,6.179999828338623,5.989999771118164
2018-06-01,6.170000076293945,5.929999828338623
2018-06-04,6.039999961853027,6.0
2018-06-05,6.0,5.849999904632568
2018-06-06,5.889999866485596,5.989999771118164
2018-06-07,5.949999809265137,5.610000133514404
2018-06-08,5.610000133514404,5.449999809265137
2018-06-11,5.409999847412109,5.269999980926514
2018-06-12,5.25,5.03000020980835
2018-06-13,5.070000171661377,5.0
2018-06-14,5.0,5.110000133514404
2018-06-15,5.170000076293945,4.949999809265137
2018-06-18,4.929999828338623,4.75
2018-06-19,4.690000057220459,4.550000190734863
2018-06-20,4.590000152587891,4.650000095367432
2018-06-21,4.590000152587891,4.440000057220459
2018-06-22,4.5,4.53000020980835
2018-06-25,4.429999828338623,4.389999866485596
2018-06-26,4.440000057220459,4.449999809265137
2018-06-27,4.449999809265137,4.539999961853027
2018-06-28,4.559999942779541,4.550000190734863
2018-06-29,4.550000190734863,4.46999979019165
2018-07-02,4.429999828338623,4.440000057220459
2018-07-03,4.440000057220459,4.5
2018-07-04,4.440000057220459,4.519999980926514
2018-07-05,4.579999923706055,4.449999809265137
2018-07-06,4.480000019073486,4.480000019073486
2018-07-10,4.5,4.449999809265137
2018-07-11,4.489999771118164,4.349999904632568
2018-07-12,4.369999885559082,4.400000095367432
2018-07-13,4.400000095367432,4.449999809265137
2018-07-16,4.449999809265137,4.389999866485596
2018-07-17,4.409999847412109,4.409999847412109
2018-07-18,4.440000057220459,4.449999809265137
2018-07-19,4.449999809265137,4.5
2018-07-20,4.440000057220459,4.5
2018-07-23,4.510000228881836,4.519999980926514
2018-07-24,4.570000171661377,4.590000152587891
2018-07-25,4.650000095367432,4.639999866485596
2018-07-26,4.610000133514404,4.349999904632568
2018-07-27,4.389999866485596,4.389999866485596
2018-07-30,4.400000095367432,4.380000114440918
2018-07-31,4.389999866485596,4.079999923706055
2018-08-01,4.110000133514404,4.25
2018-08-02,4.239999771118164,4.190000057220459
2018-08-03,4.190000057220459,4.329999923706055
2018-08-06,4.210000038146973,4.199999809265137
2018-08-07,4.260000228881836,4.300000190734863
2018-08-08,4.329999923706055,4.320000171661377
2018-08-09,4.349999904632568,4.239999771118164
2018-08-10,4.199999809265137,4.25
2018-08-13,4.269999980926514,4.300000190734863
2018-08-14,4.239999771118164,4.360000133514404
2018-08-15,4.300000190734863,4.210000038146973
2018-08-16,4.260000228881836,4.190000057220459
2018-08-17,4.170000076293945,4.190000057220459
2018-08-20,4.25,4.110000133514404
2018-08-21,4.190000057220459,4.059999942779541
2018-08-22,4.070000171661377,4.269999980926514
2018-08-23,4.170000076293945,4.170000076293945
2018-08-24,4.199999809265137,4.190000057220459
2018-08-27,4.150000095367432,4.130000114440918
2018-08-28,4.170000076293945,3.799999952316284
2018-08-29,3.9000000953674316,4.050000190734863
2018-08-30,4.079999923706055,4.0
2018-08-31,3.990000009536743,4.050000190734863
2018-09-03,3.990000009536743,3.940000057220459
2018-09-04,3.940000057220459,3.640000104904175
2018-09-05,3.6600000858306885,3.700000047683716
2018-09-06,3.700000047683716,3.700000047683716
2018-09-10,3.7300000190734863,3.6500000953674316
2018-09-11,3.75,3.6600000858306885
2018-09-12,3.700000047683716,3.640000104904175
2018-09-13,3.6700000762939453,3.6600000858306885
2018-09-14,3.630000114440918,3.6600000858306885
2018-09-17,3.6500000953674316,3.700000047683716
2018-09-18,3.7300000190734863,3.799999952316284
2018-09-19,3.7899999618530273,3.8299999237060547
2018-09-20,3.8299999237060547,3.759999990463257
2018-09-21,3.7899999618530273,3.799999952316284
2018-09-24,3.7899999618530273,3.7100000381469727
2018-09-25,3.7200000286102295,3.700000047683716
2018-09-26,3.7300000190734863,3.740000009536743
2018-09-27,3.759999990463257,3.7100000381469727
2018-09-28,3.7200000286102295,3.7799999713897705
2018-10-01,3.7799999713897705,3.680000066757202
2018-10-02,3.7200000286102295,3.799999952316284
2018-10-03,3.809999942779541,3.7799999713897705
2018-10-04,3.7899999618530273,3.859999895095825
2018-10-05,3.75,3.9100000858306885
2018-10-08,4.0,4.0
2018-10-09,4.0,4.210000038146973
2018-10-10,4.150000095367432,3.950000047683716
2018-10-11,4.079999923706055,4.099999904632568
2018-10-15,4.130000114440918,4.139999866485596
2018-10-16,4.21999979019165,4.659999847412109
2018-10-17,4.650000095367432,4.639999866485596
2018-10-18,4.679999828338623,4.659999847412109
2018-10-19,4.769999980926514,4.449999809265137
2018-10-22,4.53000020980835,5.309999942779541
2018-10-23,5.119999885559082,5.480000019073486
2018-10-24,5.579999923706055,6.199999809265137
2018-10-25,6.360000133514404,5.880000114440918
2018-10-26,6.099999904632568,5.800000190734863
2018-10-29,5.619999885559082,5.789999961853027
2018-10-30,5.619999885559082,5.579999923706055
2018-10-31,5.789999961853027,5.460000038146973
2018-11-01,5.559999942779541,5.630000114440918
2018-11-05,5.679999828338623,5.989999771118164
2018-11-06,5.849999904632568,5.510000228881836
2018-11-07,5.610000133514404,5.400000095367432
2018-11-08,5.53000020980835,5.119999885559082
2018-11-09,5.190000057220459,5.349999904632568
2018-11-12,5.389999866485596,5.269999980926514
2018-11-13,5.260000228881836,5.190000057220459
2018-11-14,5.119999885559082,4.849999904632568
2018-11-16,4.909999847412109,4.949999809265137
2018-11-19,5.03000020980835,5.0
2018-11-21,5.050000190734863,5.599999904632568
2018-11-22,5.579999923706055,5.309999942779541
2018-11-23,5.369999885559082,5.25
2018-11-26,5.349999904632568,5.269999980926514
2018-11-27,5.21999979019165,5.139999866485596
2018-11-28,5.190000057220459,5.059999942779541
2018-11-29,5.079999923706055,5.010000228881836
2018-11-30,5.050000190734863,4.960000038146973
2018-12-03,5.110000133514404,5.199999809265137
2018-12-04,5.199999809265137,5.019999980926514
2018-12-05,5.119999885559082,5.0
2018-12-06,5.119999885559082,5.130000114440918
2018-12-07,5.179999828338623,5.28000020980835
2018-12-10,5.300000190734863,5.099999904632568
2018-12-11,5.199999809265137,4.900000095367432
2018-12-12,5.079999923706055,4.849999904632568
2018-12-13,4.909999847412109,5.070000171661377
2018-12-14,5.150000095367432,5.380000114440918
2018-12-17,5.409999847412109,5.199999809265137
2018-12-18,5.300000190734863,5.409999847412109
2018-12-19,5.409999847412109,5.210000038146973
2018-12-20,5.21999979019165,5.130000114440918
2018-12-21,5.130000114440918,4.900000095367432
2018-12-26,4.909999847412109,5.199999809265137
2018-12-27,5.199999809265137,5.25
2018-12-28,5.320000171661377,5.300000190734863
2019-01-02,5.309999942779541,5.349999904632568
2019-01-03,5.349999904632568,5.789999961853027
2019-01-04,5.900000095367432,5.809999942779541
2019-01-07,5.820000171661377,5.570000171661377
2019-01-08,5.650000095367432,5.489999771118164
2019-01-09,5.650000095367432,5.599999904632568
2019-01-10,5.659999847412109,5.690000057220459
2019-01-11,5.769999980926514,5.590000152587891
2019-01-14,5.599999904632568,5.460000038146973
2019-01-15,5.519999980926514,5.360000133514404
2019-01-16,5.5,5.679999828338623
2019-01-17,5.75,5.880000114440918
2019-01-18,5.900000095367432,5.71999979019165
2019-01-21,5.78000020980835,5.599999904632568
2019-01-22,5.610000133514404,5.599999904632568
2019-01-23,5.619999885559082,5.670000076293945
2019-01-24,5.599999904632568,5.730000019073486
2019-01-28,5.679999828338623,5.46999979019165
2019-01-29,5.570000171661377,5.5
2019-01-30,5.5,5.489999771118164
2019-01-31,5.510000228881836,5.519999980926514
2019-02-01,5.5,5.5
2019-02-04,5.480000019073486,5.460000038146973
2019-02-05,5.460000038146973,5.420000076293945
2019-02-06,5.429999828338623,5.170000076293945
2019-02-07,5.199999809265137,5.090000152587891
2019-02-08,5.199999809265137,5.059999942779541
2019-02-11,5.199999809265137,5.269999980926514
2019-02-12,5.210000038146973,5.159999847412109
2019-02-13,5.25,5.110000133514404
2019-02-14,5.050000190734863,5.210000038146973
2019-02-15,5.139999866485596,5.130000114440918
2019-02-18,5.139999866485596,5.099999904632568
2019-02-19,5.099999904632568,5.090000152587891
2019-02-20,5.210000038146973,5.039999961853027
2019-02-21,5.190000057220459,5.050000190734863
2019-02-22,5.179999828338623,5.050000190734863
2019-02-25,5.039999961853027,5.099999904632568
2019-02-26,5.070000171661377,4.96999979019165
2019-02-27,5.139999866485596,5.019999980926514
2019-02-28,4.940000057220459,4.980000019073486
2019-03-01,5.039999961853027,4.900000095367432
2019-03-06,5.010000228881836,4.869999885559082
2019-03-07,4.860000133514404,4.989999771118164
2019-03-08,5.050000190734863,4.980000019073486
2019-03-11,5.03000020980835,5.019999980926514
2019-03-12,4.980000019073486,4.96999979019165
2019-03-13,4.929999828338623,5.039999961853027
2019-03-14,5.039999961853027,5.0
2019-03-15,5.039999961853027,5.0
2019-03-18,4.96999979019165,5.03000020980835
2019-03-19,5.090000152587891,5.099999904632568
2019-03-20,5.050000190734863,5.03000020980835
2019-03-21,5.050000190734863,4.800000190734863
2019-03-22,4.820000171661377,4.71999979019165
2019-03-25,4.730000019073486,4.840000152587891
2019-03-26,4.769999980926514,4.889999866485596
2019-03-27,4.929999828338623,4.71999979019165
2019-03-28,4.75,4.71999979019165
2019-03-29,4.730000019073486,4.690000057220459
2019-04-01,4.679999828338623,4.519999980926514
2019-04-02,4.519999980926514,4.360000133514404
2019-04-03,4.360000133514404,4.579999923706055
2019-04-04,4.579999923706055,4.409999847412109
2019-04-05,4.460000038146973,4.429999828338623
2019-04-08,4.519999980926514,4.429999828338623
2019-04-09,4.440000057220459,4.440000057220459
2019-04-10,4.480000019073486,4.480000019073486
2019-04-11,4.429999828338623,4.300000190734863
2019-04-12,4.340000152587891,4.25
2019-04-15,4.380000114440918,4.269999980926514
2019-04-16,4.260000228881836,4.210000038146973
2019-04-17,4.210000038146973,4.150000095367432
2019-04-18,4.170000076293945,4.150000095367432
2019-04-22,4.150000095367432,4.21999979019165
2019-04-23,4.239999771118164,4.199999809265137
2019-04-24,4.25,4.139999866485596
2019-04-25,4.139999866485596,4.150000095367432
2019-04-26,4.159999847412109,4.139999866485596
2019-04-29,4.139999866485596,4.139999866485596
2019-04-30,4.190000057220459,4.230000019073486
2019-05-02,4.170000076293945,4.21999979019165
2019-05-03,4.099999904632568,4.159999847412109
2019-05-06,4.150000095367432,4.130000114440918
2019-05-07,4.110000133514404,4.090000152587891
2019-05-08,4.110000133514404,4.090000152587891
2019-05-09,4.119999885559082,4.159999847412109
2019-05-10,4.119999885559082,4.170000076293945
2019-05-13,4.110000133514404,4.130000114440918
2019-05-14,4.119999885559082,4.159999847412109
2019-05-15,4.090000152587891,4.019999980926514
2019-05-16,4.03000020980835,3.9200000762939453
2019-05-17,3.9700000286102295,3.869999885559082
2019-05-20,3.859999895095825,3.859999895095825
2019-05-21,3.880000114440918,3.9600000381469727
2019-05-22,3.9200000762939453,3.9600000381469727
2019-05-23,3.9200000762939453,3.9700000286102295
2019-05-24,3.930000066757202,3.930000066757202
2019-05-27,3.890000104904175,3.8499999046325684
2019-05-28,3.9000000953674316,3.9000000953674316
2019-05-29,3.940000057220459,3.890000104904175
2019-05-30,3.9100000858306885,3.9000000953674316
2019-05-31,3.9000000953674316,3.880000114440918
2019-06-03,3.9000000953674316,3.9000000953674316
2019-06-04,3.940000057220459,3.9700000286102295
2019-06-05,3.9800000190734863,4.059999942779541
2019-06-06,4.090000152587891,4.159999847412109
2019-06-07,4.130000114440918,4.389999866485596
2019-06-10,4.429999828338623,4.46999979019165
2019-06-11,4.46999979019165,4.610000133514404
2019-06-12,4.610000133514404,4.480000019073486
2019-06-13,4.599999904632568,4.309999942779541
2019-06-14,4.340000152587891,4.090000152587891
2019-06-17,4.130000114440918,4.300000190734863
2019-06-18,4.360000133514404,4.369999885559082
2019-06-19,4.429999828338623,4.449999809265137
2019-06-21,4.559999942779541,4.559999942779541
2019-06-24,4.590000152587891,4.820000171661377
2019-06-25,4.800000190734863,4.739999771118164
2019-06-26,4.739999771118164,4.75
2019-06-27,4.710000038146973,4.659999847412109
2019-06-28,4.650000095367432,4.690000057220459
2019-07-01,4.639999866485596,4.690000057220459
2019-07-02,4.699999809265137,4.650000095367432
2019-07-03,4.650000095367432,5.179999828338623
2019-07-04,5.28000020980835,5.110000133514404
2019-07-05,5.139999866485596,5.0
2019-07-08,4.960000038146973,5.25
2019-07-10,5.360000133514404,5.329999923706055
2019-07-11,5.429999828338623,5.230000019073486
2019-07-12,5.25,5.099999904632568
2019-07-15,5.230000019073486,5.099999904632568
2019-07-16,5.179999828338623,5.099999904632568
2019-07-17,5.079999923706055,5.28000020980835
2019-07-18,5.340000152587891,5.260000228881836
2019-07-19,5.25,5.050000190734863
2019-07-22,5.039999961853027,4.809999942779541
2019-07-23,4.820000171661377,4.880000114440918
2019-07-24,4.880000114440918,4.829999923706055
2019-07-25,4.829999923706055,4.71999979019165
2019-07-26,4.789999961853027,4.829999923706055
2019-07-29,4.889999866485596,4.889999866485596
2019-07-30,4.889999866485596,4.949999809265137
2019-07-31,5.0,5.0
2019-08-01,5.03000020980835,5.019999980926514
2019-08-02,5.059999942779541,4.980000019073486
2019-08-05,4.940000057220459,4.849999904632568
2019-08-06,4.849999904632568,4.949999809265137
2019-08-07,4.989999771118164,4.880000114440918
2019-08-08,5.0,5.070000171661377
2019-08-09,5.119999885559082,5.119999885559082
2019-08-12,5.059999942779541,5.0
2019-08-13,5.010000228881836,5.090000152587891
2019-08-14,5.099999904632568,5.360000133514404
2019-08-15,5.300000190734863,4.599999904632568
2019-08-16,4.699999809265137,4.400000095367432
2019-08-19,4.46999979019165,4.28000020980835
2019-08-20,4.25,3.9200000762939453
2019-08-21,4.0,4.159999847412109
2019-08-22,4.289999961853027,4.239999771118164
2019-08-23,4.179999828338623,4.050000190734863
2019-08-26,4.099999904632568,4.039999961853027
2019-08-27,3.9800000190734863,4.119999885559082
2019-08-28,4.110000133514404,4.179999828338623
2019-08-29,4.25,4.369999885559082
2019-08-30,4.449999809265137,4.380000114440918
2019-09-02,4.380000114440918,4.559999942779541
2019-09-03,4.610000133514404,4.380000114440918
2019-09-04,4.389999866485596,4.210000038146973
2019-09-05,4.389999866485596,4.21999979019165
2019-09-06,4.289999961853027,4.21999979019165
2019-09-09,4.25,4.179999828338623
2019-09-10,4.289999961853027,4.190000057220459
2019-09-11,4.199999809265137,4.230000019073486
2019-09-12,4.25,4.460000038146973
2019-09-13,4.5,4.21999979019165
2019-09-16,4.230000019073486,4.199999809265137
2019-09-17,4.260000228881836,4.25
2019-09-18,4.28000020980835,4.289999961853027
2019-09-19,4.309999942779541,4.239999771118164
2019-09-20,4.179999828338623,4.199999809265137
2019-09-23,4.25,4.199999809265137
2019-09-24,4.199999809265137,4.150000095367432
2019-09-25,4.159999847412109,4.239999771118164
2019-09-26,4.25,4.150000095367432
2019-09-27,4.139999866485596,4.159999847412109
2019-09-30,4.139999866485596,4.010000228881836
2019-10-01,4.03000020980835,4.0
2019-10-02,4.019999980926514,3.9800000190734863
2019-10-03,4.0,3.930000066757202
2019-10-04,3.9600000381469727,3.930000066757202
2019-10-07,4.03000020980835,3.7899999618530273
2019-10-08,3.859999895095825,3.7100000381469727
2019-10-09,3.759999990463257,3.6500000953674316
2019-10-10,3.6700000762939453,3.700000047683716
2019-10-11,3.740000009536743,3.7699999809265137
2019-10-14,3.7899999618530273,3.8299999237060547
2019-10-15,3.9200000762939453,3.7799999713897705
2019-10-16,3.799999952316284,3.7699999809265137
2019-10-17,3.7699999809265137,3.799999952316284
2019-10-18,3.7799999713897705,3.8299999237060547
2019-10-21,3.799999952316284,3.7899999618530273
2019-10-22,3.809999942779541,3.809999942779541
2019-10-23,3.819999933242798,3.75
2019-10-24,3.7699999809265137,3.6600000858306885
2019-10-25,3.680000066757202,3.680000066757202
2019-10-28,3.700000047683716,3.7100000381469727
2019-10-29,3.7300000190734863,3.75
2019-10-30,3.75,3.7799999713897705
2019-10-31,3.7799999713897705,3.759999990463257
2019-11-01,3.7699999809265137,3.880000114440918
2019-11-04,3.880000114440918,4.090000152587891
2019-11-05,4.059999942779541,4.03000020980835
2019-11-06,4.079999923706055,3.9700000286102295
2019-11-07,4.0,3.990000009536743
2019-11-08,3.9800000190734863,3.9600000381469727
2019-11-11,3.9600000381469727,4.130000114440918
2019-11-12,4.190000057220459,4.039999961853027
2019-11-13,4.170000076293945,4.050000190734863
2019-11-14,4.019999980926514,4.03000020980835
2019-11-18,4.050000190734863,3.9200000762939453
2019-11-19,3.9800000190734863,3.8499999046325684
2019-11-21,3.8499999046325684,3.8499999046325684
2019-11-22,3.8499999046325684,3.880000114440918
2019-11-25,3.8499999046325684,3.809999942779541
2019-11-26,3.8499999046325684,3.8499999046325684
2019-11-27,3.8499999046325684,3.8399999141693115
2019-11-28,3.859999895095825,3.880000114440918
2019-11-29,3.869999885559082,3.8399999141693115
2019-12-02,3.8399999141693115,3.8299999237060547
2019-12-03,3.8299999237060547,3.930000066757202
2019-12-04,3.950000047683716,3.9000000953674316
2019-12-05,3.9000000953674316,3.890000104904175
2019-12-06,3.950000047683716,4.440000057220459
2019-12-09,4.480000019073486,4.860000133514404
2019-12-10,4.860000133514404,4.789999961853027
2019-12-11,4.789999961853027,4.869999885559082
2019-12-12,4.900000095367432,4.690000057220459
2019-12-13,4.760000228881836,5.380000114440918
2019-12-16,5.460000038146973,6.099999904632568
2019-12-17,6.099999904632568,6.050000190734863
2019-12-18,6.050000190734863,5.96999979019165
2019-12-19,5.949999809265137,5.869999885559082
2019-12-20,5.889999866485596,5.559999942779541
2019-12-23,5.550000190734863,6.510000228881836
2019-12-26,6.570000171661377,8.550000190734863
2019-12-27,9.0,9.880000114440918
2019-12-30,10.149999618530273,9.119999885559082
2020-01-02,9.079999923706055,9.789999961853027
2020-01-03,9.5,9.5
2020-01-06,9.5,9.0600004196167
2020-01-07,9.149999618530273,9.40999984741211
2020-01-08,9.329999923706055,9.239999771118164
2020-01-09,9.479999542236328,9.149999618530273
2020-01-10,9.15999984741211,9.149999618530273
2020-01-13,9.100000381469727,9.300000190734863
2020-01-14,9.289999961853027,9.279999732971191
2020-01-15,9.380000114440918,9.260000228881836
2020-01-16,9.199999809265137,9.140000343322754
2020-01-17,9.079999923706055,9.079999923706055
2020-01-20,9.180000305175781,9.0600004196167
2020-01-21,9.119999885559082,9.020000457763672
2020-01-22,8.970000267028809,8.899999618530273
2020-01-23,8.789999961853027,9.119999885559082
2020-01-24,9.210000038146973,11.220000267028809
2020-01-27,10.399999618530273,10.40999984741211
2020-01-28,11.0,10.109999656677246
2020-01-29,10.34000015258789,9.779999732971191
2020-01-30,9.5600004196167,9.289999961853027
2020-01-31,9.0,8.90999984741211
2020-02-03,8.8100004196167,9.199999809265137
2020-02-04,9.4399995803833,9.380000114440918
2020-02-05,9.600000381469727,9.390000343322754
2020-02-06,9.399999618530273,9.449999809265137
2020-02-07,9.380000114440918,9.149999618530273
2020-02-10,9.0,8.800000190734863
2020-02-11,9.0,9.460000038146973
2020-02-12,9.739999771118164,9.489999771118164
2020-02-13,9.350000381469727,9.300000190734863
2020-02-14,9.399999618530273,9.300000190734863
2020-02-17,9.479999542236328,9.199999809265137
2020-02-18,9.1899995803833,9.5
2020-02-19,9.600000381469727,9.470000267028809
2020-02-20,9.430000305175781,9.199999809265137
2020-02-21,9.210000038146973,9.350000381469727
2020-02-26,8.899999618530273,8.510000228881836
2020-02-27,8.140000343322754,8.100000381469727
2020-02-28,8.069999694824219,7.699999809265137
2020-03-02,7.800000190734863,8.220000267028809
2020-03-03,8.399999618530273,7.610000133514404
2020-03-04,7.800000190734863,8.760000228881836
2020-03-05,8.399999618530273,7.880000114440918
2020-03-06,7.46999979019165,7.849999904632568
2020-03-09,6.989999771118164,6.949999809265137
2020-03-10,7.400000095367432,7.400000095367432
2020-03-11,7.320000171661377,6.909999847412109
2020-03-12,6.489999771118164,6.25
2020-03-13,6.809999942779541,6.590000152587891
2020-03-16,5.860000133514404,5.480000019073486
2020-03-17,5.559999942779541,5.599999904632568
2020-03-18,5.25,4.5
2020-03-19,4.5,4.199999809265137
2020-03-20,4.480000019073486,3.9000000953674316
2020-03-23,3.9000000953674316,3.690000057220459
2020-03-24,3.890000104904175,3.880000114440918
2020-03-25,3.880000114440918,4.699999809265137
2020-03-26,4.5,4.5
2020-03-27,4.179999828338623,4.53000020980835
2020-03-30,4.639999866485596,4.53000020980835
2020-03-31,4.579999923706055,4.329999923706055
2020-04-01,4.039999961853027,4.190000057220459
2020-04-02,4.190000057220459,4.139999866485596
2020-04-03,4.050000190734863,4.0
2020-04-06,4.199999809265137,4.010000228881836
2020-04-07,4.070000171661377,4.260000228881836
2020-04-08,4.260000228881836,4.489999771118164
2020-04-09,4.590000152587891,4.28000020980835
2020-04-13,4.269999980926514,4.329999923706055
2020-04-14,4.489999771118164,4.440000057220459
2020-04-15,4.300000190734863,4.440000057220459
2020-04-16,4.5,4.28000020980835
2020-04-17,4.440000057220459,4.28000020980835
2020-04-20,4.119999885559082,4.050000190734863
2020-04-22,4.119999885559082,4.309999942779541
2020-04-23,4.320000171661377,4.150000095367432
2020-04-24,4.139999866485596,3.819999933242798
2020-04-27,4.119999885559082,3.950000047683716
2020-04-28,4.150000095367432,4.110000133514404
2020-04-29,4.159999847412109,4.190000057220459
2020-04-30,4.090000152587891,4.079999923706055
2020-05-04,4.019999980926514,4.0
2020-05-05,3.990000009536743,3.930000066757202
2020-05-06,3.9700000286102295,3.9100000858306885
2020-05-07,4.0,3.7799999713897705
2020-05-08,3.890000104904175,3.8299999237060547
2020-05-11,3.75,3.690000057220459
2020-05-12,3.7200000286102295,3.569999933242798
2020-05-13,3.630000114440918,3.5
2020-05-14,3.3399999141693115,3.569999933242798
2020-05-15,3.569999933242798,3.680000066757202
2020-05-18,3.740000009536743,3.75
2020-05-19,3.700000047683716,3.8499999046325684
2020-05-20,3.9000000953674316,3.819999933242798
2020-05-21,3.859999895095825,4.03000020980835
2020-05-22,4.019999980926514,3.950000047683716
2020-05-25,3.9600000381469727,4.199999809265137
2020-05-26,4.400000095367432,4.039999961853027
2020-05-27,4.099999904632568,4.210000038146973
2020-05-28,4.170000076293945,4.230000019073486
2020-05-29,4.199999809265137,4.090000152587891
2020-06-01,4.090000152587891,4.099999904632568
2020-06-02,4.190000057220459,4.889999866485596
2020-06-03,5.019999980926514,5.079999923706055
2020-06-04,5.059999942779541,5.199999809265137
2020-06-05,5.5,5.150000095367432
2020-06-08,5.210000038146973,5.400000095367432
2020-06-09,5.300000190734863,5.929999828338623
2020-06-10,5.840000152587891,5.75
2020-06-12,5.300000190734863,5.400000095367432
2020-06-15,5.289999961853027,5.119999885559082
2020-06-16,5.269999980926514,5.239999771118164
2020-06-17,5.28000020980835,5.699999809265137
2020-06-18,5.690000057220459,5.519999980926514
2020-06-19,5.550000190734863,5.5
2020-06-22,5.610000133514404,5.460000038146973
2020-06-23,5.590000152587891,6.039999961853027
2020-06-24,5.639999866485596,6.099999904632568
2020-06-25,6.110000133514404,6.090000152587891
2020-06-26,6.099999904632568,5.650000095367432
2020-06-29,5.75,6.070000171661377
2020-06-30,6.130000114440918,5.989999771118164
2020-07-01,6.0,6.159999847412109
2020-07-02,6.320000171661377,6.079999923706055
2020-07-03,6.079999923706055,6.329999923706055
2020-07-06,6.360000133514404,6.210000038146973
2020-07-07,6.199999809265137,6.349999904632568
2020-07-08,6.400000095367432,6.800000190734863
2020-07-09,6.730000019073486,6.400000095367432
2020-07-10,6.409999847412109,6.429999828338623
2020-07-13,6.53000020980835,6.260000228881836
2020-07-14,6.300000190734863,6.25
2020-07-15,6.349999904632568,6.269999980926514
2020-07-16,6.190000057220459,6.199999809265137
2020-07-17,6.21999979019165,6.25
2020-07-20,6.25,6.239999771118164
2020-07-21,6.260000228881836,6.099999904632568
2020-07-22,6.050000190734863,6.190000057220459
2020-07-23,6.190000057220459,5.889999866485596
2020-07-24,5.889999866485596,5.710000038146973
2020-07-27,5.710000038146973,5.71999979019165
2020-07-28,5.730000019073486,5.889999866485596
2020-07-29,5.889999866485596,5.960000038146973
2020-07-30,5.940000057220459,6.039999961853027
2020-07-31,6.039999961853027,5.989999771118164
2020-08-03,5.989999771118164,5.869999885559082
2020-08-04,5.710000038146973,5.690000057220459
2020-08-05,5.619999885559082,5.900000095367432
2020-08-06,5.940000057220459,6.0
2020-08-07,5.980000019073486,5.96999979019165
2020-08-10,5.96999979019165,6.0
2020-08-11,6.0,5.849999904632568
2020-08-12,5.860000133514404,5.800000190734863
2020-08-13,5.800000190734863,5.550000190734863
2020-08-14,5.679999828338623,6.099999904632568
2020-08-17,6.099999904632568,5.849999904632568
2020-08-18,5.849999904632568,6.099999904632568
2020-08-19,6.119999885559082,5.889999866485596
2020-08-20,5.849999904632568,5.949999809265137
2020-08-21,5.949999809265137,6.0
2020-08-24,6.019999980926514,6.03000020980835
2020-08-25,6.03000020980835,6.050000190734863
2020-08-26,6.090000152587891,5.900000095367432
2020-08-27,6.0,5.739999771118164
2020-08-28,5.739999771118164,5.789999961853027
2020-08-31,5.789999961853027,5.610000133514404
2020-09-01,5.639999866485596,5.75
2020-09-02,5.809999942779541,5.809999942779541
2020-09-03,5.840000152587891,5.659999847412109
2020-09-04,5.679999828338623,5.650000095367432
2020-09-08,5.579999923706055,5.5
2020-09-09,5.550000190734863,5.389999866485596
2020-09-10,5.369999885559082,5.360000133514404
2020-09-11,5.300000190734863,5.260000228881836
2020-09-14,5.289999961853027,5.400000095367432
2020-09-15,5.389999866485596,5.369999885559082
2020-09-16,5.300000190734863,5.329999923706055
2020-09-17,5.269999980926514,5.349999904632568
2020-09-18,5.28000020980835,5.119999885559082
2020-09-21,5.099999904632568,4.920000076293945
2020-09-22,5.019999980926514,5.03000020980835
2020-09-23,4.920000076293945,5.03000020980835
2020-09-24,5.03000020980835,5.21999979019165
2020-09-25,5.150000095367432,5.199999809265137
2020-09-28,5.199999809265137,5.0
2020-09-29,4.989999771118164,4.849999904632568
2020-09-30,4.860000133514404,4.889999866485596
2020-10-01,4.909999847412109,5.099999904632568
2020-10-02,5.099999904632568,5.199999809265137
2020-10-05,5.21999979019165,5.119999885559082
2020-10-06,5.119999885559082,5.170000076293945
2020-10-07,5.269999980926514,5.139999866485596
2020-10-08,5.090000152587891,5.239999771118164
2020-10-09,5.289999961853027,5.260000228881836
2020-10-13,5.440000057220459,5.300000190734863
2020-10-14,5.300000190734863,5.53000020980835
2020-10-15,5.369999885559082,5.340000152587891
2020-10-16,5.389999866485596,5.389999866485596
2020-10-19,5.449999809265137,5.400000095367432
2020-10-20,5.400000095367432,5.599999904632568
2020-10-21,5.579999923706055,5.480000019073486
2020-10-22,5.489999771118164,5.409999847412109
2020-10-23,5.309999942779541,5.420000076293945
2020-10-26,5.349999904632568,5.480000019073486
2020-10-27,5.5,5.46999979019165
2020-10-28,5.46999979019165,5.119999885559082
2020-10-29,5.050000190734863,5.050000190734863
2020-10-30,5.150000095367432,5.119999885559082
2020-11-03,5.190000057220459,5.28000020980835
2020-11-04,5.230000019073486,5.400000095367432
2020-11-05,5.389999866485596,5.400000095367432
2020-11-06,5.429999828338623,5.559999942779541
2020-11-09,5.630000114440918,5.75
2020-11-10,5.699999809265137,5.78000020980835
2020-11-11,5.849999904632568,5.849999904632568
2020-11-12,5.820000171661377,5.730000019073486
2020-11-13,5.75,5.800000190734863
2020-11-16,5.840000152587891,6.110000133514404
2020-11-17,6.090000152587891,6.110000133514404
2020-11-18,6.230000019073486,6.170000076293945
2020-11-19,6.139999866485596,6.150000095367432
2020-11-23,6.179999828338623,6.25
2020-11-24,6.320000171661377,6.380000114440918
2020-11-25,6.21999979019165,6.420000076293945
2020-11-26,6.5,6.659999847412109
2020-11-27,6.679999828338623,6.699999809265137
2020-11-30,6.900000095367432,6.199999809265137
2020-12-01,6.300000190734863,6.349999904632568
2020-12-02,6.28000020980835,6.190000057220459
2020-12-03,6.199999809265137,6.400000095367432
2020-12-04,6.400000095367432,6.599999904632568
2020-12-07,6.699999809265137,6.610000133514404
2020-12-08,6.610000133514404,6.559999942779541
2020-12-09,6.550000190734863,6.400000095367432
2020-12-10,6.389999866485596,6.440000057220459
2020-12-11,6.300000190734863,6.420000076293945
2020-12-14,6.349999904632568,6.449999809265137
2020-12-15,6.449999809265137,6.400000095367432
2020-12-16,6.440000057220459,6.409999847412109
2020-12-17,6.389999866485596,6.409999847412109
2020-12-18,6.389999866485596,6.409999847412109
2020-12-21,6.369999885559082,6.599999904632568
2020-12-22,6.650000095367432,6.510000228881836
2020-12-23,6.789999961853027,6.989999771118164
2020-12-28,7.070000171661377,6.849999904632568
2020-12-29,6.869999885559082,6.710000038146973
2020-12-30,6.75,6.630000114440918
2021-01-04,6.639999866485596,6.400000095367432
2021-01-05,6.5,7.070000171661377
2021-01-06,7.070000171661377,6.900000095367432
2021-01-07,7.090000152587891,6.960000038146973
2021-01-08,6.889999866485596,9.109999656677246
2021-01-11,8.989999771118164,9.699999809265137
2021-01-12,9.65999984741211,9.479999542236328
2021-01-13,9.34000015258789,9.800000190734863
2021-01-14,9.869999885559082,10.699999809265137
2021-01-15,10.699999809265137,10.0
2021-01-18,10.0,10.229999542236328
2021-01-19,10.289999961853027,9.989999771118164
2021-01-20,10.1899995803833,10.75
2021-01-21,10.800000190734863,11.199999809265137
2021-01-22,10.819999694824219,12.199999809265137
2021-01-26,12.199999809265137,14.5
2021-01-27,14.140000343322754,13.119999885559082
2021-01-28,12.920000076293945,13.100000381469727
2021-01-29,13.0,12.40999984741211
2021-02-01,12.850000381469727,12.489999771118164
2021-02-02,12.819999694824219,14.100000381469727
2021-02-03,14.079999923706055,14.020000457763672
2021-02-04,14.109999656677246,13.710000038146973
2021-02-05,13.739999771118164,13.229999542236328
2021-02-08,13.350000381469727,13.34000015258789
2021-02-09,13.390000343322754,13.84000015258789
2021-02-10,13.670000076293945,13.0600004196167
2021-02-11,13.0600004196167,13.0600004196167
2021-02-12,13.199999809265137,13.479999542236328
2021-02-17,13.489999771118164,13.229999542236328
2021-02-18,13.390000343322754,13.390000343322754
2021-02-19,13.34000015258789,13.329999923706055
2021-02-22,13.0,12.520000457763672
2021-02-23,12.779999732971191,12.140000343322754
2021-02-24,12.210000038146973,12.270000457763672
2021-02-25,12.220000267028809,11.600000381469727
2021-02-26,11.65999984741211,11.260000228881836
2021-03-01,11.329999923706055,10.949999809265137
2021-03-02,10.8100004196167,11.420000076293945
2021-03-03,11.149999618530273,10.949999809265137
2021-03-04,11.100000381469727,10.470000267028809
2021-03-05,10.239999771118164,10.819999694824219
2021-03-08,10.949999809265137,9.699999809265137
2021-03-09,9.75,9.5
2021-03-10,9.510000228881836,9.869999885559082
2021-03-11,10.069999694824219,10.3100004196167
2021-03-12,10.5,10.020000457763672
2021-03-15,10.020000457763672,10.390000343322754
2021-03-16,10.40999984741211,10.199999809265137
2021-03-17,10.15999984741211,10.699999809265137
2021-03-18,11.239999771118164,9.84000015258789
2021-03-19,9.960000038146973,10.210000038146973
2021-03-22,10.359999656677246,10.0
2021-03-23,10.1899995803833,9.65999984741211
2021-03-24,9.65999984741211,9.600000381469727
2021-03-25,9.600000381469727,9.729999542236328
2021-03-26,9.609999656677246,9.350000381469727
2021-03-29,9.270000457763672,9.430000305175781
2021-03-30,9.350000381469727,9.829999923706055
2021-03-31,9.729999542236328,9.75
2021-04-01,9.75,9.630000114440918
2021-04-05,9.640000343322754,9.670000076293945
2021-04-06,9.710000038146973,9.869999885559082
2021-04-07,9.859999656677246,9.5
2021-04-08,9.619999885559082,9.600000381469727
2021-04-09,9.600000381469727,9.65999984741211
2021-04-12,9.739999771118164,9.789999961853027
2021-04-13,9.880000114440918,9.890000343322754
2021-04-14,9.800000190734863,9.600000381469727
2021-04-15,9.520000457763672,9.609999656677246
2021-04-16,9.529999732971191,9.65999984741211
2021-04-19,9.779999732971191,9.84000015258789
2021-04-20,9.90999984741211,10.9399995803833
2021-04-22,10.920000076293945,10.699999809265137
2021-04-23,11.0,11.989999771118164
2021-04-26,12.010000228881836,13.229999542236328
2021-04-27,13.0,12.130000114440918
2021-04-28,12.130000114440918,12.40999984741211
2021-04-29,12.399999618530273,11.989999771118164
2021-04-30,11.970000267028809,11.640000343322754
2021-05-03,11.760000228881836,11.800000190734863
2021-05-04,12.0,12.40999984741211
2021-05-05,12.420000076293945,12.119999885559082
2021-05-06,12.350000381469727,11.699999809265137
2021-05-07,11.710000038146973,11.899999618530273
2021-05-10,12.0,12.699999809265137
2021-05-11,12.489999771118164,12.890000343322754
2021-05-12,13.050000190734863,12.359999656677246
2021-05-13,12.399999618530273,12.09000015258789
2021-05-14,12.15999984741211,11.9399995803833
2021-05-17,12.029999732971191,11.649999618530273
2021-05-18,11.680000305175781,11.029999732971191
2021-05-19,10.970000267028809,11.09000015258789
2021-05-20,11.229999542236328,11.25
2021-05-21,11.350000381469727,10.609999656677246
2021-05-24,10.630000114440918,10.5
2021-05-25,10.600000381469727,10.529999732971191
2021-05-26,10.609999656677246,10.4399995803833
2021-05-27,10.430000305175781,10.380000114440918
2021-05-28,10.479999542236328,10.109999656677246
2021-05-31,10.09000015258789,9.920000076293945
2021-06-01,10.069999694824219,10.15999984741211
2021-06-02,10.09000015258789,10.039999961853027
2021-06-04,10.239999771118164,10.029999732971191
2021-06-07,10.069999694824219,9.850000381469727
2021-06-08,9.850000381469727,9.890000343322754
2021-06-09,9.970000267028809,9.930000305175781
2021-06-10,9.920000076293945,9.890000343322754
2021-06-11,9.84000015258789,9.850000381469727
2021-06-14,9.979999542236328,9.920000076293945
2021-06-15,9.970000267028809,9.989999771118164
2021-06-16,10.09000015258789,10.09000015258789
2021-06-17,10.149999618530273,9.949999809265137
2021-06-18,9.869999885559082,9.760000228881836
2021-06-21,9.899999618530273,9.739999771118164
2021-06-22,9.789999961853027,9.869999885559082
2021-06-23,9.880000114440918,10.670000076293945
2021-06-24,11.199999809265137,11.399999618530273
2021-06-25,11.5,11.119999885559082
2021-06-28,10.989999771118164,10.800000190734863
2021-06-29,10.789999961853027,10.699999809265137
2021-06-30,11.100000381469727,11.0
2021-07-01,11.0,10.899999618530273
2021-07-02,10.670000076293945,11.220000267028809
2021-07-05,11.229999542236328,12.800000190734863
2021-07-06,12.770000457763672,13.220000267028809
2021-07-07,13.229999542236328,12.800000190734863
2021-07-08,12.520000457763672,12.4399995803833
2021-07-12,12.880000114440918,12.65999984741211
2021-07-13,12.640000343322754,12.229999542236328
2021-07-14,12.399999618530273,12.600000381469727
2021-07-15,12.600000381469727,13.0
2021-07-16,13.0,13.010000228881836
2021-07-19,13.119999885559082,14.199999809265137
2021-07-20,14.229999542236328,13.760000228881836
2021-07-21,13.619999885559082,12.399999618530273
2021-07-22,12.40999984741211,12.199999809265137
2021-07-23,12.220000267028809,12.010000228881836
2021-07-26,12.100000381469727,12.1899995803833
2021-07-27,12.239999771118164,12.199999809265137
2021-07-28,12.510000228881836,12.75
2021-07-29,12.75,13.0
2021-07-30,13.0,12.710000038146973
2021-08-02,12.649999618530273,12.579999923706055
2021-08-03,12.579999923706055,12.350000381469727
2021-08-04,12.479999542236328,12.199999809265137
2021-08-05,12.470000267028809,11.9399995803833
2021-08-06,11.880000114440918,11.930000305175781
2021-08-09,12.0,11.899999618530273
2021-08-10,11.979999542236328,11.850000381469727
2021-08-11,11.699999809265137,12.229999542236328
2021-08-12,12.3100004196167,11.350000381469727
2021-08-13,11.399999618530273,10.789999961853027
2021-08-16,10.850000381469727,10.399999618530273
2021-08-17,10.3100004196167,9.869999885559082
2021-08-18,9.890000343322754,10.149999618530273
2021-08-19,10.359999656677246,10.130000114440918
2021-08-20,10.029999732971191,10.229999542236328
2021-08-23,10.300000190734863,10.1899995803833
2021-08-24,10.390000343322754,10.34000015258789
2021-08-25,10.4399995803833,10.390000343322754
2021-08-26,10.390000343322754,10.069999694824219
2021-08-27,10.069999694824219,10.289999961853027
2021-08-30,10.289999961853027,10.399999618530273
2021-08-31,10.460000038146973,10.479999542236328
2021-09-01,10.479999542236328,10.100000381469727
2021-09-02,10.229999542236328,9.65999984741211
2021-09-03,9.65999984741211,9.25
2021-09-06,9.149999618530273,9.220000267028809
2021-09-08,9.149999618530273,8.489999771118164
2021-09-09,8.489999771118164,8.5
2021-09-10,8.670000076293945,9.09000015258789
2021-09-13,9.109999656677246,9.479999542236328
2021-09-14,9.430000305175781,9.5
2021-09-15,9.6899995803833,9.460000038146973
2021-09-16,9.34000015258789,9.390000343322754
2021-09-17,9.279999732971191,8.779999732971191
2021-09-20,8.8100004196167,8.550000190734863
2021-09-21,8.5600004196167,8.899999618530273
2021-09-22,9.0,9.109999656677246
2021-09-23,9.199999809265137,9.029999732971191
2021-09-24,9.100000381469727,9.069999694824219
2021-09-27,8.899999618530273,9.130000114440918
2021-09-28,9.119999885559082,8.880000114440918
2021-09-29,9.0,9.020000457763672
2021-09-30,9.010000228881836,8.90999984741211
2021-10-01,9.0,8.90999984741211
2021-10-04,9.020000457763672,8.880000114440918
2021-10-05,8.970000267028809,8.609999656677246
2021-10-06,8.5,8.489999771118164
2021-10-07,8.670000076293945,8.100000381469727
2021-10-08,8.130000114440918,8.579999923706055
2021-10-11,8.470000267028809,9.0
2021-10-13,8.989999771118164,9.4399995803833
2021-10-14,9.4399995803833,9.329999923706055
2021-10-15,9.4399995803833,9.859999656677246
2021-10-18,9.829999923706055,9.850000381469727
2021-10-19,9.880000114440918,9.329999923706055
2021-10-20,9.550000190734863,9.289999961853027
2021-10-21,9.020000457763672,8.970000267028809
2021-10-22,8.90999984741211,9.050000190734863
2021-10-25,9.270000457763672,8.649999618530273
2021-10-26,8.739999771118164,8.270000457763672
2021-10-27,8.300000190734863,8.5
2021-10-28,8.489999771118164,8.470000267028809
2021-10-29,8.430000305175781,8.220000267028809
2021-11-01,8.239999771118164,8.40999984741211
2021-11-03,8.239999771118164,8.8100004196167
2021-11-04,8.789999961853027,8.569999694824219
2021-11-05,8.75,8.949999809265137
2021-11-08,9.100000381469727,9.390000343322754
2021-11-09,9.390000343322754,10.0
2021-11-10,10.100000381469727,10.149999618530273
2021-11-11,10.020000457763672,10.0
2021-11-12,10.079999923706055,10.069999694824219
2021-11-16,10.149999618530273,9.460000038146973
2021-11-17,9.350000381469727,8.880000114440918
2021-11-18,9.0,8.609999656677246
2021-11-19,8.75,8.869999885559082
2021-11-22,8.760000228881836,8.199999809265137
2021-11-23,8.399999618530273,8.390000343322754
2021-11-24,8.289999961853027,8.050000190734863
2021-11-25,8.09000015258789,8.5
2021-11-26,8.09000015258789,8.100000381469727
2021-11-29,8.170000076293945,8.050000190734863
2021-11-30,8.0600004196167,7.940000057220459
2021-12-01,8.0600004196167,8.0
2021-12-02,8.020000457763672,8.199999809265137
2021-12-03,8.149999618530273,8.100000381469727
2021-12-06,8.25,8.329999923706055
2021-12-07,8.470000267028809,8.630000114440918
2021-12-08,8.649999618530273,8.760000228881836
2021-12-09,8.640000343322754,8.5
2021-12-10,8.600000381469727,8.5
2021-12-13,8.510000228881836,8.680000305175781
2021-12-14,8.680000305175781,8.550000190734863
2021-12-15,8.4399995803833,9.020000457763672
2021-12-16,9.020000457763672,9.380000114440918
2021-12-17,9.65999984741211,9.880000114440918
2021-12-20,9.75,9.210000038146973
2021-12-21,9.479999542236328,9.119999885559082
2021-12-22,9.130000114440918,9.239999771118164
2021-12-23,9.130000114440918,9.300000190734863
2021-12-27,9.170000076293945,9.399999618530273
2021-12-28,9.399999618530273,9.449999809265137
2021-12-29,9.390000343322754,9.40999984741211
2021-12-30,9.470000267028809,9.470000267028809
2022-01-03,9.470000267028809,8.720000267028809
2022-01-04,8.729999542236328,8.470000267028809
2022-01-05,8.300000190734863,8.0
2022-01-06,8.010000228881836,7.989999771118164
2022-01-07,8.100000381469727,8.149999618530273
2022-01-10,8.229999542236328,7.909999847412109
2022-01-11,7.949999809265137,7.880000114440918
2022-01-12,8.0600004196167,8.229999542236328
2022-01-13,8.229999542236328,8.3100004196167
2022-01-14,8.210000038146973,8.140000343322754
2022-01-17,8.149999618530273,8.329999923706055
2022-01-18,8.220000267028809,8.569999694824219
2022-01-19,8.59000015258789,8.579999923706055
2022-01-20,8.65999984741211,8.550000190734863
2022-01-21,8.529999732971191,8.649999618530273
2022-01-24,8.550000190734863,8.609999656677246
2022-01-25,8.600000381469727,8.760000228881836
2022-01-26,8.800000190734863,8.880000114440918
2022-01-27,8.899999618530273,8.75
2022-01-28,8.90999984741211,8.770000457763672
2022-01-31,8.770000457763672,8.850000381469727
2022-02-01,8.850000381469727,8.800000190734863
2022-02-02,8.75,8.569999694824219
2022-02-03,8.649999618530273,8.539999961853027
2022-02-04,8.449999809265137,8.399999618530273
2022-02-07,8.40999984741211,8.5
2022-02-08,8.399999618530273,8.4399995803833
2022-02-09,8.40999984741211,8.25
2022-02-10,8.319999694824219,8.149999618530273
2022-02-11,8.34000015258789,7.880000114440918
2022-02-14,7.880000114440918,7.800000190734863
2022-02-15,7.889999866485596,7.920000076293945
2022-02-16,7.940000057220459,7.880000114440918
2022-02-17,7.880000114440918,7.869999885559082
2022-02-18,7.869999885559082,7.900000095367432
2022-02-21,7.989999771118164,7.809999942779541
2022-02-22,7.840000152587891,7.949999809265137
2022-02-23,8.229999542236328,8.050000190734863
2022-02-24,7.820000171661377,8.0
2022-02-25,8.09000015258789,8.079999923706055
2022-03-02,8.1899995803833,7.769999980926514
2022-03-03,7.860000133514404,7.670000076293945
2022-03-04,7.650000095367432,7.690000057220459
2022-03-07,7.579999923706055,7.510000228881836
2022-03-08,7.510000228881836,7.400000095367432
2022-03-09,7.610000133514404,7.639999866485596
2022-03-10,7.679999828338623,8.5600004196167
2022-03-11,8.420000076293945,7.980000019073486
2022-03-14,7.920000076293945,7.96999979019165
2022-03-15,7.739999771118164,7.989999771118164
2022-03-16,8.050000190734863,8.050000190734863
2022-03-17,8.100000381469727,8.34000015258789
2022-03-18,8.239999771118164,8.109999656677246
2022-03-21,8.1899995803833,7.96999979019165
2022-03-22,8.050000190734863,8.029999732971191
2022-03-23,8.0,8.300000190734863
2022-03-24,8.220000267028809,8.020000457763672
2022-03-25,8.09000015258789,7.949999809265137
2022-03-28,8.020000457763672,8.010000228881836
2022-03-29,7.949999809265137,8.079999923706055
2022-03-30,8.0,8.289999961853027
2022-03-31,8.199999809265137,8.09000015258789
2022-04-01,8.109999656677246,7.920000076293945
2022-04-04,8.029999732971191,7.849999904632568
2022-04-05,7.829999923706055,7.699999809265137
2022-04-06,7.690000057220459,7.440000057220459
2022-04-07,7.5,7.21999979019165
2022-04-08,7.260000228881836,7.289999961853027
2022-04-11,7.230000019073486,7.369999885559082
2022-04-12,7.360000133514404,7.150000095367432
2022-04-13,7.230000019073486,7.03000020980835
2022-04-14,7.0,6.650000095367432
2022-04-18,6.75,6.489999771118164
2022-04-19,6.46999979019165,6.079999923706055
2022-04-20,6.090000152587891,5.980000019073486
2022-04-22,5.900000095367432,5.900000095367432
2022-04-25,5.820000171661377,6.010000228881836
2022-04-26,5.940000057220459,5.559999942779541
2022-04-27,5.630000114440918,5.21999979019165
2022-04-28,5.239999771118164,5.429999828338623
2022-04-29,5.46999979019165,5.369999885559082
2022-05-02,5.21999979019165,4.909999847412109
2022-05-03,4.989999771118164,5.179999828338623
2022-05-04,5.090000152587891,4.670000076293945
2022-05-05,4.679999828338623,4.289999961853027
2022-05-06,4.349999904632568,4.070000171661377
2022-05-09,4.03000020980835,3.799999952316284
2022-05-10,3.9000000953674316,3.930000066757202
2022-05-11,3.940000057220459,3.0
2022-05-12,2.7799999713897705,2.640000104904175
2022-05-13,2.75,2.640000104904175
2022-05-16,2.7100000381469727,2.6500000953674316
2022-05-17,2.6600000858306885,2.630000114440918
2022-05-18,2.690000057220459,2.5899999141693115
2022-05-19,2.609999895095825,2.640000104904175
2022-05-20,2.6600000858306885,2.5899999141693115
2022-05-23,2.619999885559082,2.5
2022-05-24,2.549999952316284,2.490000009536743
2022-05-25,2.5199999809265137,2.630000114440918
2022-05-26,2.690000057220459,2.7200000286102295
2022-05-27,2.7799999713897705,2.640000104904175
2022-05-30,2.6600000858306885,2.4700000286102295
2022-05-31,2.5,2.4600000381469727
2022-06-01,2.4600000381469727,2.390000104904175
2022-06-02,2.4200000762939453,2.390000104904175
2022-06-03,2.369999885559082,2.299999952316284
2022-06-06,2.319999933242798,2.130000114440918
2022-06-07,2.0799999237060547,2.0999999046325684
2022-06-08,2.059999942779541,2.180000066757202
2022-06-09,2.25,2.190000057220459
2022-06-10,2.200000047683716,2.109999895095825
2022-06-13,2.059999942779541,1.9600000381469727
2022-06-14,1.9600000381469727,1.809999942779541
2022-06-15,1.8700000047683716,1.899999976158142
2022-06-17,1.940000057220459,1.899999976158142
2022-06-20,1.909999966621399,1.9299999475479126
2022-06-21,2.0,1.899999976158142
2022-06-22,1.8700000047683716,1.899999976158142
2022-06-23,1.9299999475479126,1.9199999570846558
2022-06-24,1.940000057220459,1.9299999475479126
2022-06-27,2.0199999809265137,2.2100000381469727
2022-06-28,2.2300000190734863,2.1700000762939453
2022-06-29,2.140000104904175,2.25
2022-06-30,2.2799999713897705,2.359999895095825
2022-07-01,2.380000114440918,2.4200000762939453
2022-07-04,2.4100000858306885,2.430000066757202
2022-07-05,2.430000066757202,2.380000114440918
2022-07-06,2.380000114440918,2.359999895095825
2022-07-07,2.450000047683716,2.619999885559082
2022-07-08,2.6600000858306885,2.569999933242798
2022-07-11,2.5999999046325684,2.5399999618530273
2022-07-12,2.5,2.380000114440918
2022-07-13,2.369999885559082,2.319999933242798
2022-07-14,2.3299999237060547,2.2100000381469727
2022-07-15,2.2200000286102295,2.25
2022-07-18,2.2699999809265137,2.309999942779541
2022-07-19,2.2799999713897705,2.3399999141693115
2022-07-20,2.3399999141693115,2.5
2022-07-21,2.5,2.559999942779541
2022-07-22,2.559999942779541,2.5799999237060547
2022-07-25,2.5799999237060547,2.6600000858306885
2022-07-26,2.680000066757202,2.549999952316284
2022-07-27,2.5899999141693115,2.680000066757202
2022-07-28,2.6500000953674316,2.7899999618530273
2022-07-29,2.7899999618530273,3.0399999618530273
2022-08-01,2.950000047683716,3.109999895095825
2022-08-02,3.140000104904175,3.319999933242798
2022-08-03,3.319999933242798,3.5299999713897705
2022-08-04,3.5,3.4800000190734863
2022-08-05,3.4200000762939453,3.3299999237060547
2022-08-08,3.380000114440918,3.319999933242798
2022-08-09,3.3499999046325684,3.259999990463257
2022-08-10,3.2300000190734863,3.369999885559082
2022-08-11,3.319999933242798,3.119999885559082
2022-08-12,3.109999895095825,3.1700000762939453
2022-08-15,3.3399999141693115,3.5999999046325684
2022-08-16,3.640000104904175,3.7799999713897705
2022-08-17,3.7899999618530273,3.7699999809265137
2022-08-18,3.799999952316284,3.799999952316284
2022-08-19,3.700000047683716,3.549999952316284
2022-08-22,3.640000104904175,3.359999895095825
2022-08-23,3.3299999237060547,3.4100000858306885
2022-08-24,3.4100000858306885,3.5199999809265137
2022-08-25,3.509999990463257,3.619999885559082
2022-08-26,3.640000104904175,3.4200000762939453
2022-08-29,3.430000066757202,3.5399999618530273
2022-08-30,3.5399999618530273,3.299999952316284
2022-08-31,3.2799999713897705,3.069999933242798
2022-09-01,3.119999885559082,3.0999999046325684
2022-09-02,3.049999952316284,3.069999933242798
2022-09-05,3.069999933242798,3.180000066757202
2022-09-06,3.1500000953674316,3.0899999141693115
2022-09-08,3.119999885559082,3.190000057220459
2022-09-09,3.2300000190734863,3.2899999618530273
2022-09-12,3.3299999237060547,3.2899999618530273
2022-09-13,3.25,3.309999942779541
2022-09-14,3.2899999618530273,3.130000114440918
2022-09-15,3.0999999046325684,3.190000057220459
2022-09-16,3.1500000953674316,3.190000057220459
2022-09-19,3.1500000953674316,3.1500000953674316
2022-09-20,2.8299999237060547,2.809999942779541
2022-09-21,2.799999952316284,2.6600000858306885
2022-09-22,2.6600000858306885,2.7899999618530273
2022-09-23,2.7799999713897705,2.799999952316284
2022-09-26,2.75,2.75
2022-09-27,2.7100000381469727,2.7300000190734863
2022-09-28,2.740000009536743,2.640000104904175
2022-09-29,2.680000066757202,2.690000057220459
2022-09-30,2.6500000953674316,2.7899999618530273
2022-10-03,2.8299999237060547,2.930000066757202
2022-10-04,2.9200000762939453,2.8299999237060547
2022-10-05,2.8299999237060547,2.940000057220459
2022-10-06,2.940000057220459,3.0
2022-10-07,2.9800000190734863,2.9100000858306885
